Pollutant,Site,Hour,NIsize,simTr,N,RMSE,MAE,MAPE,IA
PM10,Warsaw,1,45,0.010000,1,9.83302,7.17892,27.9734,0.875768
PM10,Warsaw,1,45,0.010000,5,8.92696,6.8175,26.9048,0.902598
PM10,Warsaw,1,45,0.010000,10,9.01958,6.80325,26.813,0.897939
PM10,Warsaw,1,45,0.010000,15,8.95793,6.71514,26.2123,0.895494
PM10,Warsaw,1,45,0.010000,20,8.54609,6.54891,26.0532,0.906582
PM10,Warsaw,1,45,0.010000,25,8.39392,6.4161,25.3333,0.908603
PM10,Warsaw,1,45,0.010000,30,8.53127,6.45222,25.4588,0.907894
PM10,Warsaw,1,45,0.010000,35,8.5167,6.46089,25.3718,0.908169
PM10,Warsaw,1,45,0.010000,40,8.71801,6.62692,26.0237,0.904363
PM10,Warsaw,1,45,0.010000,50,8.41922,6.42459,25.4011,0.911419
PM10,Warsaw,1,45,0.010000,60,8.70149,6.6228,26.0534,0.903143
PM10,Warsaw,1,45,0.010000,100,8.44101,6.42295,25.3302,0.910105
PM10,Warsaw,1,45,0.010000,120,8.36069,6.37286,25.0275,0.910887
PM10,Warsaw,1,45,0.013000,1,9.16,6.92568,27.6367,0.896098
PM10,Warsaw,1,45,0.013000,5,9.48749,7.15149,27.4792,0.889442
PM10,Warsaw,1,45,0.013000,10,8.07124,6.16526,24.5843,0.915004
PM10,Warsaw,1,45,0.013000,15,7.99324,6.10615,24.2642,0.919375
PM10,Warsaw,1,45,0.013000,20,8.09733,6.2194,24.7567,0.917695
PM10,Warsaw,1,45,0.013000,25,8.04548,6.19554,24.8153,0.917488
PM10,Warsaw,1,45,0.013000,30,8.04337,6.09466,23.8749,0.918442
PM10,Warsaw,1,45,0.013000,35,8.22986,6.29293,24.6655,0.91489
PM10,Warsaw,1,45,0.013000,40,8.4974,6.50588,25.6109,0.910699
PM10,Warsaw,1,45,0.013000,50,8.30641,6.37155,24.9587,0.913269
PM10,Warsaw,1,45,0.013000,60,8.39781,6.36474,24.8568,0.911479
PM10,Warsaw,1,45,0.013000,100,8.35762,6.41191,25.2058,0.912218
PM10,Warsaw,1,45,0.013000,120,8.22678,6.29916,24.812,0.913825
PM10,Warsaw,1,45,0.014000,1,9.34042,7.0987,27.9392,0.890799
PM10,Warsaw,1,45,0.014000,5,8.171,6.10796,23.9111,0.916494
PM10,Warsaw,1,45,0.014000,10,9.08924,6.78866,25.9124,0.899576
PM10,Warsaw,1,45,0.014000,15,8.28797,6.32932,24.8414,0.914576
PM10,Warsaw,1,45,0.014000,20,8.63239,6.5355,25.3916,0.907797
PM10,Warsaw,1,45,0.014000,25,8.79041,6.63791,25.7252,0.906409
PM10,Warsaw,1,45,0.014000,30,8.72992,6.62721,25.6261,0.906231
PM10,Warsaw,1,45,0.014000,35,8.23656,6.23687,24.3323,0.914437
PM10,Warsaw,1,45,0.014000,40,8.79857,6.66015,25.885,0.9053
PM10,Warsaw,1,45,0.014000,50,8.51634,6.53894,25.5489,0.911229
PM10,Warsaw,1,45,0.014000,60,8.68914,6.60626,25.7426,0.906647
PM10,Warsaw,1,45,0.014000,100,8.34821,6.34531,24.7046,0.913565
PM10,Warsaw,1,45,0.014000,120,8.2706,6.28132,24.4238,0.914265
PM10,Warsaw,1,45,0.015000,1,9.34237,6.93111,26.8573,0.889947
PM10,Warsaw,1,45,0.015000,5,9.14068,6.99767,27.0631,0.90186
PM10,Warsaw,1,45,0.015000,10,8.54273,6.43117,24.9916,0.91344
PM10,Warsaw,1,45,0.015000,15,9.0458,6.78531,26.4203,0.899461
PM10,Warsaw,1,45,0.015000,20,8.03226,6.07691,23.9332,0.917741
PM10,Warsaw,1,45,0.015000,25,8.90862,6.70535,25.8448,0.901451
PM10,Warsaw,1,45,0.015000,30,8.38242,6.35463,24.6069,0.911683
PM10,Warsaw,1,45,0.015000,35,8.13815,6.14374,24.1632,0.916169
PM10,Warsaw,1,45,0.015000,40,8.62359,6.46553,25.1412,0.907171
PM10,Warsaw,1,45,0.015000,50,8.57637,6.46621,25.0269,0.908715
PM10,Warsaw,1,45,0.015000,60,8.57169,6.48062,25.1725,0.908401
PM10,Warsaw,1,45,0.015000,100,8.38596,6.34308,24.7472,0.912676
PM10,Warsaw,1,45,0.015000,120,8.44418,6.37852,24.7189,0.911522
PM10,Warsaw,1,45,0.016000,1,9.30923,6.97862,26.8529,0.896813
PM10,Warsaw,1,45,0.016000,5,8.71847,6.65351,26.1556,0.909822
PM10,Warsaw,1,45,0.016000,10,8.38258,6.38765,24.6511,0.912562
PM10,Warsaw,1,45,0.016000,15,7.92787,5.94939,23.2928,0.918113
PM10,Warsaw,1,45,0.016000,20,8.52088,6.41569,24.8985,0.910208
PM10,Warsaw,1,45,0.016000,25,8.61378,6.49813,25.0494,0.90798
PM10,Warsaw,1,45,0.016000,30,8.37814,6.31899,24.5751,0.911606
PM10,Warsaw,1,45,0.016000,35,8.4206,6.35048,24.7502,0.911186
PM10,Warsaw,1,45,0.016000,40,8.73444,6.57272,25.3807,0.905028
PM10,Warsaw,1,45,0.016000,50,8.28165,6.25722,24.2553,0.91326
PM10,Warsaw,1,45,0.016000,60,8.3753,6.3426,24.6099,0.912722
PM10,Warsaw,1,45,0.016000,100,8.47034,6.39754,24.7068,0.910343
PM10,Warsaw,1,45,0.016000,120,8.5543,6.45774,24.943,0.908956
PM10,Warsaw,1,45,0.017000,1,9.24123,6.95886,27.1669,0.897767
PM10,Warsaw,1,45,0.017000,5,9.14668,6.89638,26.3493,0.896082
PM10,Warsaw,1,45,0.017000,10,8.56795,6.46418,24.8644,0.910466
PM10,Warsaw,1,45,0.017000,15,9.31217,6.91354,26.1642,0.894274
PM10,Warsaw,1,45,0.017000,20,8.57191,6.56454,25.1759,0.907625
PM10,Warsaw,1,45,0.017000,25,8.33186,6.32238,24.4946,0.912515
PM10,Warsaw,1,45,0.017000,30,8.33662,6.32058,24.4118,0.911279
PM10,Warsaw,1,45,0.017000,35,8.26336,6.25994,24.238,0.911798
PM10,Warsaw,1,45,0.017000,40,8.55463,6.4291,24.7875,0.908809
PM10,Warsaw,1,45,0.017000,50,8.2104,6.17447,23.9482,0.914417
PM10,Warsaw,1,45,0.017000,60,8.278,6.27489,24.4068,0.913888
PM10,Warsaw,1,45,0.017000,100,8.3338,6.27852,24.381,0.913378
PM10,Warsaw,1,45,0.017000,120,8.50193,6.41336,24.7756,0.909746
PM10,Warsaw,1,45,0.018000,1,9.39314,7.01233,27.2159,0.892642
PM10,Warsaw,1,45,0.018000,5,7.59839,5.71762,22.5626,0.926223
PM10,Warsaw,1,45,0.018000,10,8.92943,6.68476,25.997,0.901697
PM10,Warsaw,1,45,0.018000,15,8.27451,6.26564,24.2762,0.914137
PM10,Warsaw,1,45,0.018000,20,8.0969,6.1703,24.1516,0.915985
PM10,Warsaw,1,45,0.018000,25,8.40854,6.34454,24.4188,0.910675
PM10,Warsaw,1,45,0.018000,30,8.22686,6.23345,24.1133,0.914936
PM10,Warsaw,1,45,0.018000,35,8.34348,6.30004,24.3739,0.913352
PM10,Warsaw,1,45,0.018000,40,8.36178,6.33847,24.6182,0.911936
PM10,Warsaw,1,45,0.018000,50,8.33876,6.33292,24.2431,0.911162
PM10,Warsaw,1,45,0.018000,60,8.16186,6.16592,23.8604,0.914622
PM10,Warsaw,1,45,0.018000,100,8.08321,6.09618,23.6169,0.917854
PM10,Warsaw,1,45,0.018000,120,8.16886,6.15733,23.8867,0.914962
PM10,Warsaw,1,45,0.019000,1,9.57544,7.16298,27.503,0.887521
PM10,Warsaw,1,45,0.019000,5,8.73487,6.56994,24.6329,0.904984
PM10,Warsaw,1,45,0.019000,10,8.42787,6.29508,24.1688,0.909929
PM10,Warsaw,1,45,0.019000,15,7.99715,6.05228,23.1524,0.918358
PM10,Warsaw,1,45,0.019000,20,8.02198,6.0222,22.9924,0.917403
PM10,Warsaw,1,45,0.019000,25,7.93482,5.98666,23.4565,0.92005
PM10,Warsaw,1,45,0.019000,30,8.25846,6.19884,23.8674,0.913541
PM10,Warsaw,1,45,0.019000,35,7.99755,6.02596,23.0768,0.918738
PM10,Warsaw,1,45,0.019000,40,8.38469,6.33538,24.2015,0.912397
PM10,Warsaw,1,45,0.019000,50,8.07613,6.09854,23.5636,0.917009
PM10,Warsaw,1,45,0.019000,60,7.97781,6.06011,23.3802,0.918256
PM10,Warsaw,1,45,0.019000,100,8.05644,6.10394,23.6045,0.916162
PM10,Warsaw,1,45,0.019000,120,8.13753,6.13701,23.6925,0.91532
PM10,Warsaw,1,45,0.020000,1,9.31096,6.94021,27.0212,0.895711
PM10,Warsaw,1,45,0.020000,5,7.76762,5.83326,22.7272,0.923023
PM10,Warsaw,1,45,0.020000,10,8.40296,6.37293,24.3124,0.911764
PM10,Warsaw,1,45,0.020000,15,8.36781,6.33217,24.255,0.910649
PM10,Warsaw,1,45,0.020000,20,8.03942,6.07122,23.2839,0.917427
PM10,Warsaw,1,45,0.020000,25,8.04252,6.09893,23.3251,0.917435
PM10,Warsaw,1,45,0.020000,30,8.48544,6.44295,24.1041,0.911264
PM10,Warsaw,1,45,0.020000,35,8.42248,6.32465,24.0495,0.909589
PM10,Warsaw,1,45,0.020000,40,8.11209,6.17926,23.7447,0.917361
PM10,Warsaw,1,45,0.020000,50,8.13887,6.20784,23.6643,0.916832
PM10,Warsaw,1,45,0.020000,60,8.20403,6.20584,23.8069,0.914857
PM10,Warsaw,1,45,0.020000,100,8.1273,6.13391,23.482,0.916897
PM10,Warsaw,1,45,0.020000,120,8.11982,6.1287,23.4518,0.916189
PM10,Warsaw,1,45,0.021000,1,9.35598,6.96864,27.1029,0.894793
PM10,Warsaw,1,45,0.021000,5,8.82752,6.73437,25.247,0.902128
PM10,Warsaw,1,45,0.021000,10,9.0158,6.75074,25.329,0.900631
PM10,Warsaw,1,45,0.021000,15,8.78819,6.58623,24.7868,0.904199
PM10,Warsaw,1,45,0.021000,20,8.18223,6.2101,23.9191,0.912935
PM10,Warsaw,1,45,0.021000,25,7.92102,6.00981,22.9091,0.920617
PM10,Warsaw,1,45,0.021000,30,8.0227,6.05959,23.0388,0.919362
PM10,Warsaw,1,45,0.021000,35,8.55908,6.47204,24.4464,0.909206
PM10,Warsaw,1,45,0.021000,40,8.84163,6.66101,24.8675,0.904355
PM10,Warsaw,1,45,0.021000,50,8.1993,6.16692,23.3925,0.916559
PM10,Warsaw,1,45,0.021000,60,8.35816,6.36325,24.1385,0.913008
PM10,Warsaw,1,45,0.021000,100,8.3108,6.2894,23.6985,0.912926
PM10,Warsaw,1,45,0.021000,120,8.38381,6.32952,23.8573,0.911234
PM10,Warsaw,1,45,0.022000,1,9.33159,6.95874,27.049,0.894875
PM10,Warsaw,1,45,0.022000,5,8.09739,5.9708,22.4914,0.915312
PM10,Warsaw,1,45,0.022000,10,8.66911,6.6238,24.9079,0.907763
PM10,Warsaw,1,45,0.022000,15,7.9773,5.8783,22.2507,0.918343
PM10,Warsaw,1,45,0.022000,20,8.10071,6.10732,22.8709,0.918986
PM10,Warsaw,1,45,0.022000,25,8.07764,6.12347,23.3716,0.916569
PM10,Warsaw,1,45,0.022000,30,8.05278,6.11092,23.076,0.916963
PM10,Warsaw,1,45,0.022000,35,8.41123,6.38071,24.2973,0.911473
PM10,Warsaw,1,45,0.022000,40,8.2166,6.22938,23.5267,0.91618
PM10,Warsaw,1,45,0.022000,50,8.153,6.13354,23.2186,0.915772
PM10,Warsaw,1,45,0.022000,60,8.43353,6.36391,23.8398,0.911008
PM10,Warsaw,1,45,0.022000,100,8.32705,6.30145,23.6879,0.913792
PM10,Warsaw,1,45,0.022000,120,8.30625,6.2904,23.8088,0.912499
PM10,Warsaw,1,45,0.023000,1,9.50002,7.17493,26.9113,0.89658
PM10,Warsaw,1,45,0.023000,5,8.59389,6.54056,24.4409,0.913571
PM10,Warsaw,1,45,0.023000,10,8.26615,6.23629,24.439,0.915844
PM10,Warsaw,1,45,0.023000,15,7.88732,5.91698,22.2707,0.921306
PM10,Warsaw,1,45,0.023000,20,7.96975,5.96669,22.7323,0.918979
PM10,Warsaw,1,45,0.023000,25,8.5722,6.45676,24.1086,0.908824
PM10,Warsaw,1,45,0.023000,30,8.56583,6.51997,24.7176,0.908088
PM10,Warsaw,1,45,0.023000,35,8.2054,6.16373,23.4645,0.914484
PM10,Warsaw,1,45,0.023000,40,7.73496,5.84224,22.3965,0.925251
PM10,Warsaw,1,45,0.023000,50,7.99743,6.09124,23.393,0.920215
PM10,Warsaw,1,45,0.023000,60,8.23603,6.25647,23.748,0.915703
PM10,Warsaw,1,45,0.023000,100,8.26162,6.2575,23.721,0.915405
PM10,Warsaw,1,45,0.023000,120,8.22289,6.26185,23.7328,0.915773
PM10,Warsaw,1,45,0.024000,1,9.49984,7.21256,27.3578,0.893067
PM10,Warsaw,1,45,0.024000,5,7.47005,5.45053,22.3133,0.924097
PM10,Warsaw,1,45,0.024000,10,8.02685,5.94144,22.7631,0.912717
PM10,Warsaw,1,45,0.024000,15,8.56021,6.47388,24.5145,0.90801
PM10,Warsaw,1,45,0.024000,20,8.31815,6.34705,23.981,0.913204
PM10,Warsaw,1,45,0.024000,25,8.53101,6.47993,24.2462,0.909532
PM10,Warsaw,1,45,0.024000,30,8.50211,6.4529,24.2457,0.910747
PM10,Warsaw,1,45,0.024000,35,8.2177,6.23061,23.4084,0.916396
PM10,Warsaw,1,45,0.024000,40,8.36002,6.29515,23.8416,0.912279
PM10,Warsaw,1,45,0.024000,50,8.30027,6.26825,23.6225,0.914174
PM10,Warsaw,1,45,0.024000,60,8.48637,6.4071,24.0107,0.911019
PM10,Warsaw,1,45,0.024000,100,8.25836,6.26322,23.7327,0.914585
PM10,Warsaw,1,45,0.024000,120,8.37407,6.37555,24.2684,0.911842
PM10,Warsaw,1,45,0.025000,1,9.85202,7.3201,27.1456,0.885579
PM10,Warsaw,1,45,0.025000,5,9.59845,7.18966,26.4684,0.887426
PM10,Warsaw,1,45,0.025000,10,9.32998,7.06886,26.9004,0.893557
PM10,Warsaw,1,45,0.025000,15,8.36059,6.35002,23.8341,0.914569
PM10,Warsaw,1,45,0.025000,20,9.09297,6.92299,25.9865,0.898104
PM10,Warsaw,1,45,0.025000,25,8.57814,6.46034,24.3108,0.908231
PM10,Warsaw,1,45,0.025000,30,8.49388,6.48393,24.8068,0.910405
PM10,Warsaw,1,45,0.025000,35,8.51495,6.45165,24.34,0.9107
PM10,Warsaw,1,45,0.025000,40,8.62372,6.55463,24.5459,0.908524
PM10,Warsaw,1,45,0.025000,50,8.17316,6.24569,23.8654,0.916756
PM10,Warsaw,1,45,0.025000,60,8.25723,6.25793,23.7064,0.91456
PM10,Warsaw,1,45,0.025000,100,8.39942,6.3928,24.1829,0.912666
PM10,Warsaw,1,45,0.025000,120,8.5379,6.49051,24.4009,0.909224
PM10,Warsaw,1,45,0.025000,1,9.85202,7.3201,27.1456,0.885579
PM10,Warsaw,1,45,0.025000,5,9.21448,6.88888,25.8382,0.897781
PM10,Warsaw,1,45,0.025000,10,8.04884,6.04617,23.1427,0.917115
PM10,Warsaw,1,45,0.025000,15,8.06221,6.08955,23.3541,0.918899
PM10,Warsaw,1,45,0.025000,20,7.84908,5.89341,22.8244,0.918129
PM10,Warsaw,1,45,0.025000,25,8.07024,6.14711,23.4922,0.918651
PM10,Warsaw,1,45,0.025000,30,8.64966,6.58531,24.8367,0.906647
PM10,Warsaw,1,45,0.025000,35,8.31066,6.35523,24.2142,0.913779
PM10,Warsaw,1,45,0.025000,40,8.48028,6.42837,24.3549,0.910192
PM10,Warsaw,1,45,0.025000,50,8.45651,6.42168,24.3143,0.910584
PM10,Warsaw,1,45,0.025000,60,8.15918,6.20387,23.5165,0.917177
PM10,Warsaw,1,45,0.025000,100,8.22546,6.2327,23.6361,0.915606
PM10,Warsaw,1,45,0.025000,120,8.39358,6.366,24.1136,0.912189
PM10,Warsaw,1,50,0.010000,1,9.3158,6.90973,26.7325,0.887923
PM10,Warsaw,1,50,0.010000,5,8.37686,6.22527,24.0537,0.911097
PM10,Warsaw,1,50,0.010000,10,8.17298,6.18004,24.3489,0.918245
PM10,Warsaw,1,50,0.010000,15,7.84451,5.7952,23.0893,0.922948
PM10,Warsaw,1,50,0.010000,20,7.49164,5.55295,22.6401,0.926467
PM10,Warsaw,1,50,0.010000,25,7.83443,5.86197,23.2725,0.923175
PM10,Warsaw,1,50,0.010000,30,7.69937,5.74872,22.9049,0.924914
PM10,Warsaw,1,50,0.010000,35,7.95926,6.02433,23.7304,0.920249
PM10,Warsaw,1,50,0.010000,40,7.74073,5.81729,23.1928,0.923594
PM10,Warsaw,1,50,0.010000,50,7.78757,5.74606,22.9703,0.923201
PM10,Warsaw,1,50,0.010000,60,7.77563,5.81695,23.1427,0.924636
PM10,Warsaw,1,50,0.010000,100,7.67432,5.71508,22.8718,0.924905
PM10,Warsaw,1,50,0.010000,120,7.73392,5.77177,22.9457,0.923655
PM10,Warsaw,1,50,0.013000,1,9.05742,6.92265,26.5275,0.906675
PM10,Warsaw,1,50,0.013000,5,7.61015,5.56204,22.7862,0.924203
PM10,Warsaw,1,50,0.013000,10,7.96321,5.99844,23.5048,0.922265
PM10,Warsaw,1,50,0.013000,15,7.63143,5.70082,22.6055,0.924704
PM10,Warsaw,1,50,0.013000,20,7.68308,5.87225,23.3077,0.926726
PM10,Warsaw,1,50,0.013000,25,7.86501,5.9579,23.3338,0.921496
PM10,Warsaw,1,50,0.013000,30,7.82404,5.83859,23.219,0.92352
PM10,Warsaw,1,50,0.013000,35,7.91837,5.98445,23.5903,0.922529
PM10,Warsaw,1,50,0.013000,40,7.61963,5.73311,22.9012,0.926241
PM10,Warsaw,1,50,0.013000,50,7.74078,5.88683,23.2346,0.924912
PM10,Warsaw,1,50,0.013000,60,7.47001,5.59585,22.4767,0.928789
PM10,Warsaw,1,50,0.013000,100,7.65693,5.76272,22.8354,0.926213
PM10,Warsaw,1,50,0.013000,120,7.63798,5.78134,22.8447,0.926241
PM10,Warsaw,1,50,0.014000,1,9.19992,6.97555,26.7053,0.903961
PM10,Warsaw,1,50,0.014000,5,7.71688,5.97133,23.5947,0.925296
PM10,Warsaw,1,50,0.014000,10,7.6591,5.75807,22.9633,0.925521
PM10,Warsaw,1,50,0.014000,15,7.89712,5.97221,23.3573,0.920298
PM10,Warsaw,1,50,0.014000,20,7.86857,5.95113,23.3746,0.925548
PM10,Warsaw,1,50,0.014000,25,7.82666,5.97824,23.4919,0.922996
PM10,Warsaw,1,50,0.014000,30,7.497,5.60425,22.441,0.928324
PM10,Warsaw,1,50,0.014000,35,7.79015,5.9082,23.228,0.923586
PM10,Warsaw,1,50,0.014000,40,7.66934,5.85188,23.011,0.927025
PM10,Warsaw,1,50,0.014000,50,7.61696,5.67764,22.5219,0.925195
PM10,Warsaw,1,50,0.014000,60,7.54533,5.68221,22.6639,0.928458
PM10,Warsaw,1,50,0.014000,100,7.79096,5.87442,23.1656,0.924043
PM10,Warsaw,1,50,0.014000,120,7.59994,5.76947,22.8553,0.927683
PM10,Warsaw,1,50,0.015000,1,9.12545,6.94193,26.6685,0.905588
PM10,Warsaw,1,50,0.015000,5,7.58519,5.68396,22.9636,0.928981
PM10,Warsaw,1,50,0.015000,10,7.99557,6.06519,23.7497,0.920106
PM10,Warsaw,1,50,0.015000,15,7.8287,5.89606,23.2032,0.924632
PM10,Warsaw,1,50,0.015000,20,7.83404,5.98095,23.2322,0.923132
PM10,Warsaw,1,50,0.015000,25,8.1362,6.15134,24.0822,0.918755
PM10,Warsaw,1,50,0.015000,30,7.4355,5.5607,22.0489,0.929118
PM10,Warsaw,1,50,0.015000,35,7.63401,5.73474,22.8082,0.92771
PM10,Warsaw,1,50,0.015000,40,7.93266,6.03007,23.5277,0.921516
PM10,Warsaw,1,50,0.015000,50,7.67813,5.81772,22.9593,0.92646
PM10,Warsaw,1,50,0.015000,60,7.51929,5.66759,22.5526,0.92915
PM10,Warsaw,1,50,0.015000,100,7.62844,5.76763,22.7158,0.926921
PM10,Warsaw,1,50,0.015000,120,7.68001,5.80974,22.9829,0.925796
PM10,Warsaw,1,50,0.016000,1,9.45208,7.09584,27.0959,0.901031
PM10,Warsaw,1,50,0.016000,5,8.08589,6.03387,24.1948,0.92089
PM10,Warsaw,1,50,0.016000,10,7.53327,5.83306,23.2613,0.931558
PM10,Warsaw,1,50,0.016000,15,7.83926,5.79352,22.6652,0.923509
PM10,Warsaw,1,50,0.016000,20,7.34965,5.53886,21.8854,0.932802
PM10,Warsaw,1,50,0.016000,25,7.64203,5.761,22.8719,0.928385
PM10,Warsaw,1,50,0.016000,30,7.87251,5.95434,23.1678,0.924467
PM10,Warsaw,1,50,0.016000,35,7.78422,5.92751,23.1738,0.924831
PM10,Warsaw,1,50,0.016000,40,7.70195,5.7945,22.7349,0.92648
PM10,Warsaw,1,50,0.016000,50,7.72732,5.84459,23.0795,0.925572
PM10,Warsaw,1,50,0.016000,60,7.65129,5.76471,22.6285,0.926294
PM10,Warsaw,1,50,0.016000,100,7.765,5.913,23.0971,0.925383
PM10,Warsaw,1,50,0.016000,120,7.66001,5.78939,22.7484,0.926296
PM10,Warsaw,1,50,0.017000,1,9.49186,7.10956,27.1091,0.900608
PM10,Warsaw,1,50,0.017000,5,7.46748,5.47847,22.4645,0.92806
PM10,Warsaw,1,50,0.017000,10,8.08988,6.12638,23.7825,0.92259
PM10,Warsaw,1,50,0.017000,15,7.96138,6.04653,23.5411,0.923189
PM10,Warsaw,1,50,0.017000,20,7.56316,5.6623,22.2491,0.926977
PM10,Warsaw,1,50,0.017000,25,7.47813,5.61786,22.1421,0.930823
PM10,Warsaw,1,50,0.017000,30,7.85257,5.97978,23.1703,0.924298
PM10,Warsaw,1,50,0.017000,35,7.70727,5.89107,23.06,0.927795
PM10,Warsaw,1,50,0.017000,40,7.63531,5.78073,22.5993,0.927391
PM10,Warsaw,1,50,0.017000,50,7.63928,5.69585,22.4594,0.928318
PM10,Warsaw,1,50,0.017000,60,7.88506,5.98351,23.1342,0.924149
PM10,Warsaw,1,50,0.017000,100,7.58828,5.75187,22.5346,0.929072
PM10,Warsaw,1,50,0.017000,120,7.69865,5.86188,22.8684,0.927488
PM10,Warsaw,1,50,0.018000,1,9.60337,7.1321,27.1296,0.895892
PM10,Warsaw,1,50,0.018000,5,7.55011,5.62445,22.2308,0.929234
PM10,Warsaw,1,50,0.018000,10,7.52803,5.78849,22.9381,0.931001
PM10,Warsaw,1,50,0.018000,15,7.53185,5.65576,22.3693,0.930734
PM10,Warsaw,1,50,0.018000,20,7.64445,5.80074,22.4284,0.927788
PM10,Warsaw,1,50,0.018000,25,7.5598,5.78136,22.7078,0.929746
PM10,Warsaw,1,50,0.018000,30,7.76471,5.88211,22.6667,0.924605
PM10,Warsaw,1,50,0.018000,35,8.03394,6.11783,23.2776,0.923064
PM10,Warsaw,1,50,0.018000,40,7.71462,5.90917,22.7723,0.926398
PM10,Warsaw,1,50,0.018000,50,7.78314,5.93809,22.9068,0.926396
PM10,Warsaw,1,50,0.018000,60,7.74785,5.92056,22.8285,0.926999
PM10,Warsaw,1,50,0.018000,100,7.63513,5.82586,22.5831,0.928344
PM10,Warsaw,1,50,0.018000,120,7.69016,5.81705,22.4984,0.927384
PM10,Warsaw,1,50,0.019000,1,9.41421,7.03508,26.23,0.899477
PM10,Warsaw,1,50,0.019000,5,8.91943,6.68663,24.961,0.90762
PM10,Warsaw,1,50,0.019000,10,7.57137,5.75058,22.2724,0.929026
PM10,Warsaw,1,50,0.019000,15,8.5249,6.46608,24.4551,0.913013
PM10,Warsaw,1,50,0.019000,20,7.94505,5.98086,23.0084,0.920418
PM10,Warsaw,1,50,0.019000,25,8.0418,6.0391,23.1534,0.920657
PM10,Warsaw,1,50,0.019000,30,7.87604,6.00217,22.8851,0.925045
PM10,Warsaw,1,50,0.019000,35,7.69624,5.79755,22.3371,0.927233
PM10,Warsaw,1,50,0.019000,40,7.93625,6.05568,23.1361,0.924973
PM10,Warsaw,1,50,0.019000,50,7.82208,5.97742,22.931,0.926237
PM10,Warsaw,1,50,0.019000,60,7.66909,5.82093,22.4726,0.928175
PM10,Warsaw,1,50,0.019000,100,7.84016,5.99646,22.9422,0.925295
PM10,Warsaw,1,50,0.019000,120,7.77854,5.94207,22.7758,0.926485
PM10,Warsaw,1,50,0.020000,1,9.39824,6.96594,26.343,0.900279
PM10,Warsaw,1,50,0.020000,5,8.46221,6.44101,24.5493,0.91184
PM10,Warsaw,1,50,0.020000,10,7.91267,5.93516,22.5943,0.926264
PM10,Warsaw,1,50,0.020000,15,7.8006,5.86326,22.7445,0.926468
PM10,Warsaw,1,50,0.020000,20,7.33118,5.59274,22.0898,0.933724
PM10,Warsaw,1,50,0.020000,25,7.86707,5.98381,23.2406,0.923284
PM10,Warsaw,1,50,0.020000,30,7.57952,5.75483,22.1341,0.929729
PM10,Warsaw,1,50,0.020000,35,7.80592,5.92415,22.6515,0.925609
PM10,Warsaw,1,50,0.020000,40,8.00319,6.05435,23.1305,0.922397
PM10,Warsaw,1,50,0.020000,50,8.01551,6.11956,23.4594,0.921841
PM10,Warsaw,1,50,0.020000,60,7.88638,6.03411,23.1517,0.92461
PM10,Warsaw,1,50,0.020000,100,7.66628,5.87898,22.6796,0.927593
PM10,Warsaw,1,50,0.020000,120,7.90017,6.03635,23.0892,0.92425
PM10,Warsaw,1,50,0.021000,1,9.39824,6.96594,26.343,0.900279
PM10,Warsaw,1,50,0.021000,5,7.94736,6.05949,23.2406,0.925304
PM10,Warsaw,1,50,0.021000,10,7.97211,5.9394,22.6662,0.922484
PM10,Warsaw,1,50,0.021000,15,7.45766,5.57604,21.9179,0.930903
PM10,Warsaw,1,50,0.021000,20,7.71788,5.86242,22.6427,0.92704
PM10,Warsaw,1,50,0.021000,25,8.1266,6.19437,23.7635,0.920099
PM10,Warsaw,1,50,0.021000,30,7.81254,5.94071,22.71,0.92582
PM10,Warsaw,1,50,0.021000,35,7.67065,5.81117,22.2917,0.927542
PM10,Warsaw,1,50,0.021000,40,7.66872,5.85277,22.4605,0.927071
PM10,Warsaw,1,50,0.021000,50,7.88849,6.03401,23.0073,0.923446
PM10,Warsaw,1,50,0.021000,60,7.87083,6.03182,23.0669,0.924549
PM10,Warsaw,1,50,0.021000,100,7.90107,5.9988,22.9527,0.923752
PM10,Warsaw,1,50,0.021000,120,7.70011,5.86326,22.5878,0.927658
PM10,Warsaw,1,50,0.022000,1,9.88988,7.44113,27.6345,0.893882
PM10,Warsaw,1,50,0.022000,5,8.41125,6.3504,24.1613,0.917131
PM10,Warsaw,1,50,0.022000,10,8.78637,6.64915,25.4254,0.911767
PM10,Warsaw,1,50,0.022000,15,8.20015,6.21709,23.7223,0.919902
PM10,Warsaw,1,50,0.022000,20,8.4242,6.477,24.7441,0.916601
PM10,Warsaw,1,50,0.022000,25,8.1356,6.18437,23.7899,0.920304
PM10,Warsaw,1,50,0.022000,30,8.57774,6.52068,24.653,0.912014
PM10,Warsaw,1,50,0.022000,35,8.41815,6.38375,24.1917,0.915678
PM10,Warsaw,1,50,0.022000,40,7.69425,5.81626,22.6046,0.926609
PM10,Warsaw,1,50,0.022000,50,7.78988,5.91939,22.7712,0.925298
PM10,Warsaw,1,50,0.022000,60,7.95798,6.05863,23.2766,0.922743
PM10,Warsaw,1,50,0.022000,100,7.92592,6.06943,23.302,0.923824
PM10,Warsaw,1,50,0.022000,120,7.76312,5.92375,22.8424,0.92643
PM10,Warsaw,1,50,0.023000,1,9.30769,6.97651,26.0584,0.905901
PM10,Warsaw,1,50,0.023000,5,8.04841,6.02566,23.3478,0.920238
PM10,Warsaw,1,50,0.023000,10,8.00479,5.99538,23.0747,0.923893
PM10,Warsaw,1,50,0.023000,15,8.07022,6.12476,23.4367,0.921846
PM10,Warsaw,1,50,0.023000,20,8.32323,6.31812,24.0436,0.918437
PM10,Warsaw,1,50,0.023000,25,7.79905,5.92066,22.6383,0.926726
PM10,Warsaw,1,50,0.023000,30,8.28623,6.30964,24.0254,0.91787
PM10,Warsaw,1,50,0.023000,35,7.72914,5.89022,22.6187,0.926881
PM10,Warsaw,1,50,0.023000,40,8.12043,6.18262,23.633,0.919916
PM10,Warsaw,1,50,0.023000,50,7.89481,6.0009,22.9203,0.923605
PM10,Warsaw,1,50,0.023000,60,8.08422,6.12481,23.4018,0.921382
PM10,Warsaw,1,50,0.023000,100,8.02546,6.07862,23.2004,0.921562
PM10,Warsaw,1,50,0.023000,120,7.90311,6.04568,23.186,0.92412
PM10,Warsaw,1,50,0.024000,1,9.67976,7.2783,27.4303,0.897115
PM10,Warsaw,1,50,0.024000,5,8.18351,6.32669,24.8512,0.92168
PM10,Warsaw,1,50,0.024000,10,8.40773,6.41476,24.6498,0.914335
PM10,Warsaw,1,50,0.024000,15,7.92028,5.97372,23.3056,0.923807
PM10,Warsaw,1,50,0.024000,20,8.23088,6.33362,24.2795,0.919619
PM10,Warsaw,1,50,0.024000,25,8.43353,6.45265,24.4087,0.915951
PM10,Warsaw,1,50,0.024000,30,7.84561,5.98234,22.9703,0.924539
PM10,Warsaw,1,50,0.024000,35,8.41736,6.39422,24.4755,0.914767
PM10,Warsaw,1,50,0.024000,40,8.33258,6.39397,24.2483,0.917409
PM10,Warsaw,1,50,0.024000,50,7.99019,6.1044,23.2784,0.922264
PM10,Warsaw,1,50,0.024000,60,7.90953,6.00631,23.1845,0.922778
PM10,Warsaw,1,50,0.024000,100,8.04983,6.13383,23.3653,0.921102
PM10,Warsaw,1,50,0.024000,120,8.1678,6.23712,23.8747,0.919831
PM10,Warsaw,1,50,0.025000,1,9.7878,7.48404,28.4238,0.896139
PM10,Warsaw,1,50,0.025000,5,8.26727,6.23083,23.9986,0.915766
PM10,Warsaw,1,50,0.025000,10,8.53056,6.40563,24.357,0.911918
PM10,Warsaw,1,50,0.025000,15,7.84092,6.01472,23.4329,0.926252
PM10,Warsaw,1,50,0.025000,20,8.17309,6.21982,23.7449,0.918778
PM10,Warsaw,1,50,0.025000,25,8.63194,6.56052,25.0035,0.910616
PM10,Warsaw,1,50,0.025000,30,7.75439,5.85303,22.774,0.926642
PM10,Warsaw,1,50,0.025000,35,8.13218,6.22061,24.0189,0.91935
PM10,Warsaw,1,50,0.025000,40,8.16892,6.16035,23.6202,0.916924
PM10,Warsaw,1,50,0.025000,50,8.20507,6.21808,23.6583,0.918033
PM10,Warsaw,1,50,0.025000,60,8.06051,6.14398,23.6114,0.921334
PM10,Warsaw,1,50,0.025000,100,8.11361,6.17684,23.7801,0.919305
PM10,Warsaw,1,50,0.025000,120,7.99893,6.08478,23.3593,0.921511
PM10,Warsaw,1,50,0.025000,1,9.7878,7.48404,28.4238,0.896139
PM10,Warsaw,1,50,0.025000,5,9.25816,7.05532,26.5425,0.898511
PM10,Warsaw,1,50,0.025000,10,8.68098,6.5809,24.7546,0.909572
PM10,Warsaw,1,50,0.025000,15,8.35268,6.34892,24.0573,0.915351
PM10,Warsaw,1,50,0.025000,20,8.10383,6.18997,24.0913,0.921291
PM10,Warsaw,1,50,0.025000,25,8.67139,6.60046,25.0117,0.911056
PM10,Warsaw,1,50,0.025000,30,8.01176,6.10773,23.5003,0.921802
PM10,Warsaw,1,50,0.025000,35,8.24905,6.24948,23.7179,0.917962
PM10,Warsaw,1,50,0.025000,40,8.2753,6.3166,24.2733,0.917908
PM10,Warsaw,1,50,0.025000,50,8.10538,6.16735,23.4905,0.919113
PM10,Warsaw,1,50,0.025000,60,7.95204,6.04428,23.1394,0.922379
PM10,Warsaw,1,50,0.025000,100,8.15658,6.24187,23.7978,0.919359
PM10,Warsaw,1,50,0.025000,120,8.16715,6.25129,23.9349,0.918959
PM10,Warsaw,1,55,0.010000,1,7.8171,5.67301,24.1065,0.922714
PM10,Warsaw,1,55,0.010000,5,7.39967,5.34481,22.7971,0.92795
PM10,Warsaw,1,55,0.010000,10,7.36229,5.44874,23.6622,0.929298
PM10,Warsaw,1,55,0.010000,15,7.28156,5.4125,23.1747,0.930575
PM10,Warsaw,1,55,0.010000,20,7.25573,5.42862,23.6553,0.929419
PM10,Warsaw,1,55,0.010000,25,7.18137,5.30982,23.3101,0.931344
PM10,Warsaw,1,55,0.010000,30,7.12325,5.30627,23.1722,0.931771
PM10,Warsaw,1,55,0.010000,35,7.26056,5.35331,23.1796,0.929148
PM10,Warsaw,1,55,0.010000,40,7.14614,5.30302,22.8746,0.932366
PM10,Warsaw,1,55,0.010000,50,7.21653,5.36802,23.2954,0.93082
PM10,Warsaw,1,55,0.010000,60,7.20101,5.37763,23.3298,0.931399
PM10,Warsaw,1,55,0.010000,100,7.15664,5.32136,23.2487,0.930883
PM10,Warsaw,1,55,0.010000,120,7.20705,5.34648,23.2727,0.931055
PM10,Warsaw,1,55,0.013000,1,7.85452,5.6238,23.9682,0.918213
PM10,Warsaw,1,55,0.013000,5,7.33155,5.35753,23.1369,0.928106
PM10,Warsaw,1,55,0.013000,10,7.14652,5.34567,23.2219,0.931727
PM10,Warsaw,1,55,0.013000,15,7.14391,5.2827,22.8172,0.932625
PM10,Warsaw,1,55,0.013000,20,7.1519,5.35215,23.0592,0.931106
PM10,Warsaw,1,55,0.013000,25,7.1365,5.32651,22.6555,0.933903
PM10,Warsaw,1,55,0.013000,30,7.04756,5.22701,22.4807,0.933717
PM10,Warsaw,1,55,0.013000,35,7.04066,5.25055,22.7846,0.93429
PM10,Warsaw,1,55,0.013000,40,7.14313,5.30285,22.884,0.932128
PM10,Warsaw,1,55,0.013000,50,7.1014,5.26719,22.5064,0.934754
PM10,Warsaw,1,55,0.013000,60,7.16105,5.30438,22.7435,0.931911
PM10,Warsaw,1,55,0.013000,100,6.99506,5.24694,22.9896,0.935189
PM10,Warsaw,1,55,0.013000,120,7.03794,5.26223,22.9383,0.933759
PM10,Warsaw,1,55,0.014000,1,7.81209,5.51113,23.2287,0.920523
PM10,Warsaw,1,55,0.014000,5,7.55508,5.50438,23.7426,0.922618
PM10,Warsaw,1,55,0.014000,10,7.19557,5.29382,22.6233,0.932537
PM10,Warsaw,1,55,0.014000,15,7.06611,5.30032,22.7582,0.933418
PM10,Warsaw,1,55,0.014000,20,7.11503,5.28202,22.7216,0.935015
PM10,Warsaw,1,55,0.014000,25,7.06991,5.31541,23.1676,0.933314
PM10,Warsaw,1,55,0.014000,30,7.08072,5.27213,22.4358,0.932776
PM10,Warsaw,1,55,0.014000,35,7.11089,5.29075,22.4929,0.933409
PM10,Warsaw,1,55,0.014000,40,7.05745,5.28314,23.0057,0.93332
PM10,Warsaw,1,55,0.014000,50,7.07707,5.29407,23.0776,0.933673
PM10,Warsaw,1,55,0.014000,60,7.12176,5.29778,22.8074,0.932611
PM10,Warsaw,1,55,0.014000,100,7.06301,5.26292,22.6807,0.934302
PM10,Warsaw,1,55,0.014000,120,7.03726,5.2621,22.6943,0.934162
PM10,Warsaw,1,55,0.015000,1,7.58795,5.50724,23.985,0.924356
PM10,Warsaw,1,55,0.015000,5,7.41394,5.43771,23.3914,0.925237
PM10,Warsaw,1,55,0.015000,10,7.16736,5.33428,23.0265,0.932438
PM10,Warsaw,1,55,0.015000,15,7.24772,5.44426,23.5818,0.931
PM10,Warsaw,1,55,0.015000,20,7.12927,5.3227,23.0725,0.935035
PM10,Warsaw,1,55,0.015000,25,7.04437,5.29742,23.0095,0.934676
PM10,Warsaw,1,55,0.015000,30,6.93846,5.26214,23.0216,0.936628
PM10,Warsaw,1,55,0.015000,35,7.08692,5.3239,23.0771,0.932606
PM10,Warsaw,1,55,0.015000,40,7.08766,5.29985,22.9361,0.934125
PM10,Warsaw,1,55,0.015000,50,7.17761,5.33357,23.0806,0.931589
PM10,Warsaw,1,55,0.015000,60,7.04735,5.27521,22.7732,0.934198
PM10,Warsaw,1,55,0.015000,100,7.03178,5.29814,22.9224,0.93523
PM10,Warsaw,1,55,0.015000,120,7.05341,5.29407,22.8363,0.934319
PM10,Warsaw,1,55,0.016000,1,7.74116,5.57158,23.7722,0.920256
PM10,Warsaw,1,55,0.016000,5,7.34503,5.4242,23.1694,0.92808
PM10,Warsaw,1,55,0.016000,10,7.20204,5.31161,23.0225,0.935206
PM10,Warsaw,1,55,0.016000,15,6.9615,5.2765,22.4862,0.935557
PM10,Warsaw,1,55,0.016000,20,7.12893,5.35236,23.2291,0.932086
PM10,Warsaw,1,55,0.016000,25,7.0711,5.32665,22.8479,0.935125
PM10,Warsaw,1,55,0.016000,30,7.01013,5.26864,22.9473,0.935843
PM10,Warsaw,1,55,0.016000,35,7.0513,5.26768,22.9287,0.934078
PM10,Warsaw,1,55,0.016000,40,6.97323,5.27276,22.6902,0.936889
PM10,Warsaw,1,55,0.016000,50,7.07104,5.31857,22.7631,0.933861
PM10,Warsaw,1,55,0.016000,60,6.95565,5.24641,22.5934,0.93617
PM10,Warsaw,1,55,0.016000,100,7.04616,5.26817,22.8126,0.934663
PM10,Warsaw,1,55,0.016000,120,6.99543,5.26413,22.717,0.935685
PM10,Warsaw,1,55,0.017000,1,7.57597,5.42736,23.4513,0.925433
PM10,Warsaw,1,55,0.017000,5,7.3269,5.45608,23.9462,0.932769
PM10,Warsaw,1,55,0.017000,10,7.00545,5.32147,22.8543,0.935793
PM10,Warsaw,1,55,0.017000,15,7.12443,5.31608,22.9749,0.934583
PM10,Warsaw,1,55,0.017000,20,7.02174,5.28859,23.0101,0.93533
PM10,Warsaw,1,55,0.017000,25,7.11165,5.29263,22.8107,0.93251
PM10,Warsaw,1,55,0.017000,30,6.98264,5.24806,22.7627,0.934983
PM10,Warsaw,1,55,0.017000,35,6.94775,5.23024,22.6308,0.937155
PM10,Warsaw,1,55,0.017000,40,6.96245,5.2364,22.5877,0.937577
PM10,Warsaw,1,55,0.017000,50,7.00881,5.24217,22.4404,0.935198
PM10,Warsaw,1,55,0.017000,60,6.9636,5.25109,22.9612,0.935808
PM10,Warsaw,1,55,0.017000,100,7.02476,5.30509,22.9378,0.935028
PM10,Warsaw,1,55,0.017000,120,6.96318,5.25581,22.856,0.936132
PM10,Warsaw,1,55,0.018000,1,7.52819,5.39305,23.4008,0.925541
PM10,Warsaw,1,55,0.018000,5,7.30852,5.41068,23.0323,0.929491
PM10,Warsaw,1,55,0.018000,10,7.04675,5.3261,23.2079,0.93483
PM10,Warsaw,1,55,0.018000,15,7.1471,5.31656,23.0917,0.934964
PM10,Warsaw,1,55,0.018000,20,7.0769,5.32403,22.657,0.934238
PM10,Warsaw,1,55,0.018000,25,7.06647,5.31579,23.0969,0.935548
PM10,Warsaw,1,55,0.018000,30,6.99918,5.24227,22.8008,0.935328
PM10,Warsaw,1,55,0.018000,35,6.93601,5.22495,22.7323,0.937067
PM10,Warsaw,1,55,0.018000,40,6.98198,5.25477,22.8287,0.935942
PM10,Warsaw,1,55,0.018000,50,6.92724,5.25212,22.8154,0.936869
PM10,Warsaw,1,55,0.018000,60,6.94638,5.26073,22.8799,0.936386
PM10,Warsaw,1,55,0.018000,100,6.97771,5.26716,22.8807,0.936796
PM10,Warsaw,1,55,0.018000,120,7.00471,5.28521,22.8648,0.935385
PM10,Warsaw,1,55,0.019000,1,7.2073,5.26943,23.06,0.936961
PM10,Warsaw,1,55,0.019000,5,7.092,5.2874,22.509,0.931404
PM10,Warsaw,1,55,0.019000,10,7.07547,5.32134,22.965,0.935726
PM10,Warsaw,1,55,0.019000,15,7.07277,5.34362,22.9129,0.93387
PM10,Warsaw,1,55,0.019000,20,7.12247,5.29359,22.5465,0.931775
PM10,Warsaw,1,55,0.019000,25,7.03952,5.24179,22.8144,0.934425
PM10,Warsaw,1,55,0.019000,30,7.11876,5.31621,22.8988,0.932016
PM10,Warsaw,1,55,0.019000,35,7.04884,5.28776,22.8898,0.934066
PM10,Warsaw,1,55,0.019000,40,7.05542,5.28397,22.7327,0.934141
PM10,Warsaw,1,55,0.019000,50,6.98784,5.24138,22.7165,0.93547
PM10,Warsaw,1,55,0.019000,60,6.9592,5.22103,22.3341,0.93611
PM10,Warsaw,1,55,0.019000,100,7.07493,5.28684,22.8661,0.934119
PM10,Warsaw,1,55,0.019000,120,6.99216,5.25863,22.7406,0.93549
PM10,Warsaw,1,55,0.020000,1,7.14696,5.24049,23.008,0.93743
PM10,Warsaw,1,55,0.020000,5,7.25587,5.36868,23.1862,0.929972
PM10,Warsaw,1,55,0.020000,10,7.19754,5.38804,23.6002,0.932661
PM10,Warsaw,1,55,0.020000,15,6.93184,5.23559,22.926,0.937184
PM10,Warsaw,1,55,0.020000,20,7.04279,5.24872,22.8706,0.934179
PM10,Warsaw,1,55,0.020000,25,7.24429,5.37685,22.8924,0.930537
PM10,Warsaw,1,55,0.020000,30,7.02508,5.25978,22.8907,0.93446
PM10,Warsaw,1,55,0.020000,35,6.97979,5.26039,22.8154,0.934683
PM10,Warsaw,1,55,0.020000,40,6.963,5.26634,22.7634,0.935782
PM10,Warsaw,1,55,0.020000,50,7.07092,5.30048,22.9744,0.933598
PM10,Warsaw,1,55,0.020000,60,6.97925,5.27222,22.6626,0.935772
PM10,Warsaw,1,55,0.020000,100,6.99179,5.25824,22.7915,0.9356
PM10,Warsaw,1,55,0.020000,120,7.02248,5.27068,22.7564,0.934415
PM10,Warsaw,1,55,0.021000,1,7.12726,5.26994,23.2828,0.932807
PM10,Warsaw,1,55,0.021000,5,7.05048,5.21328,23.2455,0.936459
PM10,Warsaw,1,55,0.021000,10,7.14076,5.33962,22.7693,0.932569
PM10,Warsaw,1,55,0.021000,15,7.03513,5.24358,22.6502,0.934614
PM10,Warsaw,1,55,0.021000,20,7.12073,5.33878,23.125,0.931599
PM10,Warsaw,1,55,0.021000,25,7.11954,5.29179,22.7708,0.932027
PM10,Warsaw,1,55,0.021000,30,7.09874,5.28101,22.592,0.933603
PM10,Warsaw,1,55,0.021000,35,7.01119,5.25533,22.746,0.933713
PM10,Warsaw,1,55,0.021000,40,7.01477,5.28802,22.5157,0.934899
PM10,Warsaw,1,55,0.021000,50,6.97846,5.2514,22.8399,0.934329
PM10,Warsaw,1,55,0.021000,60,7.06882,5.28242,22.7688,0.934463
PM10,Warsaw,1,55,0.021000,100,7.03929,5.27373,22.8296,0.934295
PM10,Warsaw,1,55,0.021000,120,7.0575,5.28246,22.8106,0.933752
PM10,Warsaw,1,55,0.022000,1,7.2003,5.32364,23.0669,0.931613
PM10,Warsaw,1,55,0.022000,5,7.24595,5.29244,22.9082,0.931423
PM10,Warsaw,1,55,0.022000,10,7.39464,5.35619,22.4662,0.929134
PM10,Warsaw,1,55,0.022000,15,7.04568,5.28787,22.7456,0.93521
PM10,Warsaw,1,55,0.022000,20,7.14601,5.32839,23.1765,0.932143
PM10,Warsaw,1,55,0.022000,25,7.00546,5.24167,22.6193,0.934465
PM10,Warsaw,1,55,0.022000,30,7.0502,5.26979,22.8657,0.935296
PM10,Warsaw,1,55,0.022000,35,6.96902,5.22476,22.5097,0.934905
PM10,Warsaw,1,55,0.022000,40,7.08482,5.29183,22.7746,0.933456
PM10,Warsaw,1,55,0.022000,50,7.01263,5.27458,22.7704,0.934453
PM10,Warsaw,1,55,0.022000,60,7.09038,5.30835,22.8707,0.932684
PM10,Warsaw,1,55,0.022000,100,7.04174,5.27,22.5891,0.933379
PM10,Warsaw,1,55,0.022000,120,7.03544,5.26391,22.7984,0.934806
PM10,Warsaw,1,55,0.023000,1,7.16842,5.30159,23.1943,0.933144
PM10,Warsaw,1,55,0.023000,5,7.24154,5.44804,23.5379,0.931968
PM10,Warsaw,1,55,0.023000,10,7.02121,5.29506,23.3129,0.933291
PM10,Warsaw,1,55,0.023000,15,7.14893,5.31308,22.9226,0.931807
PM10,Warsaw,1,55,0.023000,20,7.01687,5.2174,22.5613,0.934748
PM10,Warsaw,1,55,0.023000,25,7.17875,5.33203,23.0728,0.929343
PM10,Warsaw,1,55,0.023000,30,7.07609,5.28396,22.883,0.933111
PM10,Warsaw,1,55,0.023000,35,7.02957,5.24323,22.5815,0.933666
PM10,Warsaw,1,55,0.023000,40,7.04701,5.25209,22.6963,0.93332
PM10,Warsaw,1,55,0.023000,50,7.096,5.2858,22.521,0.932525
PM10,Warsaw,1,55,0.023000,60,7.01112,5.25148,22.6155,0.933852
PM10,Warsaw,1,55,0.023000,100,7.01507,5.2432,22.5646,0.93373
PM10,Warsaw,1,55,0.023000,120,7.05959,5.27679,22.8837,0.933062
PM10,Warsaw,1,55,0.024000,1,8.15144,5.61211,23.6281,0.911957
PM10,Warsaw,1,55,0.024000,5,7.29821,5.33507,22.4855,0.928621
PM10,Warsaw,1,55,0.024000,10,7.06119,5.26542,22.6532,0.935043
PM10,Warsaw,1,55,0.024000,15,7.10111,5.26436,22.5599,0.93181
PM10,Warsaw,1,55,0.024000,20,7.11683,5.24793,22.7617,0.933253
PM10,Warsaw,1,55,0.024000,25,7.11976,5.24879,22.1955,0.930617
PM10,Warsaw,1,55,0.024000,30,6.97656,5.19303,22.2935,0.935423
PM10,Warsaw,1,55,0.024000,35,7.08268,5.26205,22.7343,0.932695
PM10,Warsaw,1,55,0.024000,40,7.00295,5.2594,22.9537,0.934084
PM10,Warsaw,1,55,0.024000,50,7.08762,5.28853,22.8588,0.932358
PM10,Warsaw,1,55,0.024000,60,7.08319,5.28376,22.8463,0.932594
PM10,Warsaw,1,55,0.024000,100,7.07736,5.26096,22.5607,0.931977
PM10,Warsaw,1,55,0.024000,120,7.07639,5.2542,22.6608,0.932084
PM10,Warsaw,1,55,0.025000,1,8.2266,5.67306,24.0112,0.910161
PM10,Warsaw,1,55,0.025000,5,7.13505,5.28759,22.6603,0.929343
PM10,Warsaw,1,55,0.025000,10,7.43461,5.43292,23.3967,0.921379
PM10,Warsaw,1,55,0.025000,15,7.0648,5.2435,22.5045,0.933053
PM10,Warsaw,1,55,0.025000,20,7.17856,5.32454,23.1614,0.928661
PM10,Warsaw,1,55,0.025000,25,7.01575,5.22675,22.6897,0.933229
PM10,Warsaw,1,55,0.025000,30,7.05058,5.23112,22.6544,0.932371
PM10,Warsaw,1,55,0.025000,35,7.14062,5.29519,22.6674,0.93013
PM10,Warsaw,1,55,0.025000,40,7.0702,5.27283,22.8324,0.933029
PM10,Warsaw,1,55,0.025000,50,7.02799,5.2067,22.5907,0.932229
PM10,Warsaw,1,55,0.025000,60,7.03714,5.23756,22.6532,0.932246
PM10,Warsaw,1,55,0.025000,100,7.05794,5.24881,22.6008,0.932458
PM10,Warsaw,1,55,0.025000,120,7.11261,5.27645,22.7007,0.930672
PM10,Warsaw,1,55,0.025000,1,8.2266,5.67306,24.0112,0.910161
PM10,Warsaw,1,55,0.025000,5,7.26862,5.37266,23.3925,0.929519
PM10,Warsaw,1,55,0.025000,10,7.28325,5.36198,22.7519,0.929473
PM10,Warsaw,1,55,0.025000,15,7.02218,5.27952,22.8445,0.933793
PM10,Warsaw,1,55,0.025000,20,7.03394,5.23159,22.955,0.932578
PM10,Warsaw,1,55,0.025000,25,7.07053,5.2713,22.8117,0.931092
PM10,Warsaw,1,55,0.025000,30,7.11804,5.25476,22.8181,0.931424
PM10,Warsaw,1,55,0.025000,35,7.11512,5.23589,22.7316,0.930708
PM10,Warsaw,1,55,0.025000,40,7.10699,5.24677,22.5812,0.930368
PM10,Warsaw,1,55,0.025000,50,7.07621,5.25474,22.6527,0.931392
PM10,Warsaw,1,55,0.025000,60,7.08843,5.22453,22.5935,0.931301
PM10,Warsaw,1,55,0.025000,100,7.07049,5.24143,22.5978,0.93234
PM10,Warsaw,1,55,0.025000,120,7.02877,5.24572,22.6397,0.933562
PM10,Warsaw,1,60,0.010000,1,9.92386,7.41714,30.9691,0.882688
PM10,Warsaw,1,60,0.010000,5,7.63589,6.02732,26.2156,0.924706
PM10,Warsaw,1,60,0.010000,10,7.61127,5.77718,24.5478,0.925191
PM10,Warsaw,1,60,0.010000,15,7.52198,5.73468,24.3608,0.927642
PM10,Warsaw,1,60,0.010000,20,7.53101,5.7214,24.4141,0.924827
PM10,Warsaw,1,60,0.010000,25,7.52975,5.74021,24.226,0.928322
PM10,Warsaw,1,60,0.010000,30,7.50667,5.74099,24.6281,0.927562
PM10,Warsaw,1,60,0.010000,35,7.51889,5.72954,24.1428,0.927127
PM10,Warsaw,1,60,0.010000,40,7.48321,5.69494,24.1618,0.927987
PM10,Warsaw,1,60,0.010000,50,7.38433,5.70251,24.3785,0.929747
PM10,Warsaw,1,60,0.010000,60,7.48017,5.71178,24.565,0.927551
PM10,Warsaw,1,60,0.010000,100,7.38758,5.61319,24.1242,0.929062
PM10,Warsaw,1,60,0.010000,120,7.52875,5.70863,24.192,0.926911
PM10,Warsaw,1,60,0.013000,1,9.5232,7.27664,30.6934,0.902961
PM10,Warsaw,1,60,0.013000,5,7.38077,5.56772,23.911,0.932665
PM10,Warsaw,1,60,0.013000,10,7.45814,5.66976,23.9751,0.929489
PM10,Warsaw,1,60,0.013000,15,7.48102,5.64574,23.7892,0.929417
PM10,Warsaw,1,60,0.013000,20,7.46413,5.67512,23.7161,0.929308
PM10,Warsaw,1,60,0.013000,25,7.33773,5.59021,23.4791,0.930938
PM10,Warsaw,1,60,0.013000,30,7.36318,5.58893,23.5114,0.931813
PM10,Warsaw,1,60,0.013000,35,7.26586,5.50272,23.2039,0.933095
PM10,Warsaw,1,60,0.013000,40,7.3098,5.5774,23.4408,0.932533
PM10,Warsaw,1,60,0.013000,50,7.35894,5.60412,23.5518,0.930491
PM10,Warsaw,1,60,0.013000,60,7.38556,5.61047,23.5593,0.930804
PM10,Warsaw,1,60,0.013000,100,7.31752,5.57489,23.5818,0.931449
PM10,Warsaw,1,60,0.013000,120,7.36316,5.62144,23.6066,0.931712
PM10,Warsaw,1,60,0.014000,1,9.60739,7.21364,29.6517,0.902352
PM10,Warsaw,1,60,0.014000,5,7.35139,5.64705,23.3063,0.931732
PM10,Warsaw,1,60,0.014000,10,7.44655,5.74417,23.6558,0.931186
PM10,Warsaw,1,60,0.014000,15,7.54182,5.72785,23.7788,0.928889
PM10,Warsaw,1,60,0.014000,20,7.21161,5.46157,23.0661,0.933692
PM10,Warsaw,1,60,0.014000,25,7.42719,5.62358,23.3591,0.928849
PM10,Warsaw,1,60,0.014000,30,7.43226,5.67559,23.2991,0.932242
PM10,Warsaw,1,60,0.014000,35,7.16694,5.43357,22.6465,0.935138
PM10,Warsaw,1,60,0.014000,40,7.21155,5.46935,22.8809,0.934381
PM10,Warsaw,1,60,0.014000,50,7.34971,5.59553,23.4297,0.931214
PM10,Warsaw,1,60,0.014000,60,7.28767,5.56563,23.2254,0.931071
PM10,Warsaw,1,60,0.014000,100,7.31195,5.56218,23.1358,0.931575
PM10,Warsaw,1,60,0.014000,120,7.21375,5.54796,23.3779,0.933741
PM10,Warsaw,1,60,0.015000,1,9.60768,7.23132,29.8602,0.902397
PM10,Warsaw,1,60,0.015000,5,7.24493,5.43388,23.2532,0.930255
PM10,Warsaw,1,60,0.015000,10,7.3135,5.50136,22.7952,0.933074
PM10,Warsaw,1,60,0.015000,15,7.47399,5.71573,23.5217,0.929609
PM10,Warsaw,1,60,0.015000,20,7.29712,5.50255,23.061,0.931984
PM10,Warsaw,1,60,0.015000,25,7.24786,5.50357,22.8396,0.933221
PM10,Warsaw,1,60,0.015000,30,7.21236,5.4905,23.0349,0.933542
PM10,Warsaw,1,60,0.015000,35,7.18271,5.4825,23.1557,0.93301
PM10,Warsaw,1,60,0.015000,40,7.21125,5.52584,23.1556,0.934385
PM10,Warsaw,1,60,0.015000,50,7.35174,5.62672,23.3318,0.931323
PM10,Warsaw,1,60,0.015000,60,7.33107,5.58052,23.145,0.931737
PM10,Warsaw,1,60,0.015000,100,7.21474,5.49881,23.1688,0.933284
PM10,Warsaw,1,60,0.015000,120,7.20757,5.49469,23.124,0.933525
PM10,Warsaw,1,60,0.016000,1,9.42808,7.10584,29.2741,0.904616
PM10,Warsaw,1,60,0.016000,5,7.41554,5.63326,24.0848,0.929919
PM10,Warsaw,1,60,0.016000,10,7.13003,5.37956,22.3968,0.933324
PM10,Warsaw,1,60,0.016000,15,7.3505,5.56925,23.5902,0.929688
PM10,Warsaw,1,60,0.016000,20,7.33315,5.55184,23.1036,0.930155
PM10,Warsaw,1,60,0.016000,25,7.31066,5.51673,23.1382,0.930861
PM10,Warsaw,1,60,0.016000,30,7.29392,5.53626,22.9873,0.931677
PM10,Warsaw,1,60,0.016000,35,7.22878,5.4728,22.9051,0.932561
PM10,Warsaw,1,60,0.016000,40,7.30629,5.55642,23.0817,0.930254
PM10,Warsaw,1,60,0.016000,50,7.28476,5.57818,23.2935,0.932555
PM10,Warsaw,1,60,0.016000,60,7.09711,5.38875,22.8077,0.934789
PM10,Warsaw,1,60,0.016000,100,7.24322,5.51326,23.1067,0.932374
PM10,Warsaw,1,60,0.016000,120,7.24865,5.50453,23.0956,0.932553
PM10,Warsaw,1,60,0.017000,1,9.45431,7.15898,29.7284,0.899636
PM10,Warsaw,1,60,0.017000,5,7.30077,5.40885,22.8913,0.928231
PM10,Warsaw,1,60,0.017000,10,7.24521,5.48489,23.2213,0.932824
PM10,Warsaw,1,60,0.017000,15,7.2716,5.48678,23.0132,0.930067
PM10,Warsaw,1,60,0.017000,20,7.33944,5.58598,23.3751,0.931999
PM10,Warsaw,1,60,0.017000,25,7.42913,5.59364,23.1313,0.927907
PM10,Warsaw,1,60,0.017000,30,7.21348,5.4283,22.5657,0.932899
PM10,Warsaw,1,60,0.017000,35,7.24148,5.5018,23.216,0.932571
PM10,Warsaw,1,60,0.017000,40,7.2219,5.50479,23.1163,0.931992
PM10,Warsaw,1,60,0.017000,50,7.14365,5.37995,22.624,0.934149
PM10,Warsaw,1,60,0.017000,60,7.24326,5.48534,22.8499,0.9309
PM10,Warsaw,1,60,0.017000,100,7.23121,5.4964,22.93,0.932476
PM10,Warsaw,1,60,0.017000,120,7.19095,5.43701,22.6965,0.932839
PM10,Warsaw,1,60,0.018000,1,7.73802,5.97407,26.188,0.927425
PM10,Warsaw,1,60,0.018000,5,7.62504,5.64801,22.6956,0.922717
PM10,Warsaw,1,60,0.018000,10,7.35553,5.52696,23.2867,0.927058
PM10,Warsaw,1,60,0.018000,15,7.36381,5.55957,23.5495,0.933629
PM10,Warsaw,1,60,0.018000,20,7.24576,5.41167,22.5101,0.93188
PM10,Warsaw,1,60,0.018000,25,7.31195,5.55508,23.0354,0.931234
PM10,Warsaw,1,60,0.018000,30,7.3171,5.50842,22.9242,0.932169
PM10,Warsaw,1,60,0.018000,35,7.15291,5.45016,22.687,0.934645
PM10,Warsaw,1,60,0.018000,40,7.22918,5.4426,22.8141,0.931229
PM10,Warsaw,1,60,0.018000,50,7.15483,5.40285,22.913,0.932722
PM10,Warsaw,1,60,0.018000,60,7.22756,5.48631,22.9078,0.932732
PM10,Warsaw,1,60,0.018000,100,7.21567,5.45801,22.8355,0.933169
PM10,Warsaw,1,60,0.018000,120,7.21349,5.46491,22.7511,0.932499
PM10,Warsaw,1,60,0.019000,1,7.61805,5.87537,24.982,0.929843
PM10,Warsaw,1,60,0.019000,5,7.49708,5.60942,23.82,0.922902
PM10,Warsaw,1,60,0.019000,10,7.36211,5.56407,23.1051,0.929107
PM10,Warsaw,1,60,0.019000,15,7.29015,5.44591,22.6604,0.931829
PM10,Warsaw,1,60,0.019000,20,7.33932,5.57844,22.9239,0.932867
PM10,Warsaw,1,60,0.019000,25,7.2264,5.4343,22.5845,0.931424
PM10,Warsaw,1,60,0.019000,30,7.30095,5.46918,22.6031,0.929487
PM10,Warsaw,1,60,0.019000,35,7.19067,5.453,22.6767,0.93333
PM10,Warsaw,1,60,0.019000,40,7.18705,5.42404,22.7646,0.933801
PM10,Warsaw,1,60,0.019000,50,7.18229,5.4268,22.8293,0.932661
PM10,Warsaw,1,60,0.019000,60,7.18517,5.41986,22.7993,0.932475
PM10,Warsaw,1,60,0.019000,100,7.25935,5.48613,22.8124,0.931504
PM10,Warsaw,1,60,0.019000,120,7.15618,5.39292,22.4082,0.933037
PM10,Warsaw,1,60,0.020000,1,7.8222,5.90942,24.9037,0.926935
PM10,Warsaw,1,60,0.020000,5,7.6016,5.7102,23.4675,0.922139
PM10,Warsaw,1,60,0.020000,10,7.38402,5.50738,22.6532,0.926926
PM10,Warsaw,1,60,0.020000,15,7.22,5.47277,22.7234,0.930142
PM10,Warsaw,1,60,0.020000,20,7.42728,5.60762,23.3173,0.926703
PM10,Warsaw,1,60,0.020000,25,7.42854,5.58492,23.3085,0.926872
PM10,Warsaw,1,60,0.020000,30,7.23031,5.50932,22.942,0.932811
PM10,Warsaw,1,60,0.020000,35,7.27484,5.48709,22.8217,0.931466
PM10,Warsaw,1,60,0.020000,40,7.24165,5.45445,22.7247,0.93025
PM10,Warsaw,1,60,0.020000,50,7.235,5.45215,22.5998,0.931065
PM10,Warsaw,1,60,0.020000,60,7.13584,5.34214,22.2744,0.93277
PM10,Warsaw,1,60,0.020000,100,7.17989,5.41935,22.8716,0.932405
PM10,Warsaw,1,60,0.020000,120,7.23513,5.43033,22.7699,0.930762
PM10,Warsaw,1,60,0.021000,1,7.9674,5.92228,24.831,0.925704
PM10,Warsaw,1,60,0.021000,5,7.32151,5.47991,22.6122,0.930434
PM10,Warsaw,1,60,0.021000,10,7.13257,5.38539,22.5131,0.932894
PM10,Warsaw,1,60,0.021000,15,7.43708,5.63335,23.2506,0.92895
PM10,Warsaw,1,60,0.021000,20,7.10566,5.33329,22.5465,0.933003
PM10,Warsaw,1,60,0.021000,25,7.18121,5.43393,22.7304,0.933301
PM10,Warsaw,1,60,0.021000,30,7.31736,5.6108,23.6417,0.930372
PM10,Warsaw,1,60,0.021000,35,7.27075,5.47456,22.6462,0.931226
PM10,Warsaw,1,60,0.021000,40,7.39282,5.55514,22.9239,0.926612
PM10,Warsaw,1,60,0.021000,50,7.24541,5.48209,22.71,0.931092
PM10,Warsaw,1,60,0.021000,60,7.14185,5.3882,22.5414,0.932404
PM10,Warsaw,1,60,0.021000,100,7.1592,5.39095,22.6222,0.93227
PM10,Warsaw,1,60,0.021000,120,7.19009,5.40637,22.6173,0.931883
PM10,Warsaw,1,60,0.022000,1,8.17495,6.31096,26.4961,0.921204
PM10,Warsaw,1,60,0.022000,5,7.58175,5.65442,23.4052,0.91627
PM10,Warsaw,1,60,0.022000,10,7.30402,5.45251,22.3112,0.928808
PM10,Warsaw,1,60,0.022000,15,7.1514,5.37578,22.7452,0.931168
PM10,Warsaw,1,60,0.022000,20,7.16037,5.42431,23.0361,0.93141
PM10,Warsaw,1,60,0.022000,25,7.23729,5.54661,23.0231,0.93157
PM10,Warsaw,1,60,0.022000,30,7.41667,5.57036,23.1878,0.92574
PM10,Warsaw,1,60,0.022000,35,7.27693,5.47479,22.9009,0.928971
PM10,Warsaw,1,60,0.022000,40,7.26281,5.4242,22.5377,0.927602
PM10,Warsaw,1,60,0.022000,50,7.16214,5.3756,22.4151,0.931727
PM10,Warsaw,1,60,0.022000,60,7.20909,5.40213,22.3318,0.929649
PM10,Warsaw,1,60,0.022000,100,7.22269,5.43337,22.4556,0.929932
PM10,Warsaw,1,60,0.022000,120,7.23411,5.42083,22.5981,0.929771
PM10,Warsaw,1,60,0.023000,1,8.15568,6.28272,26.4175,0.921732
PM10,Warsaw,1,60,0.023000,5,7.79652,5.69369,23.5011,0.911584
PM10,Warsaw,1,60,0.023000,10,7.23709,5.40881,22.7268,0.928605
PM10,Warsaw,1,60,0.023000,15,7.21261,5.29888,22.3381,0.930178
PM10,Warsaw,1,60,0.023000,20,7.22874,5.40773,22.4267,0.929025
PM10,Warsaw,1,60,0.023000,25,7.2518,5.50324,22.9935,0.930837
PM10,Warsaw,1,60,0.023000,30,7.24105,5.42254,22.8416,0.928198
PM10,Warsaw,1,60,0.023000,35,7.13118,5.34847,22.6206,0.931316
PM10,Warsaw,1,60,0.023000,40,7.16503,5.39469,22.3308,0.932144
PM10,Warsaw,1,60,0.023000,50,7.17977,5.34425,22.4919,0.929779
PM10,Warsaw,1,60,0.023000,60,7.17291,5.38791,22.3934,0.929109
PM10,Warsaw,1,60,0.023000,100,7.16304,5.37129,22.4512,0.931112
PM10,Warsaw,1,60,0.023000,120,7.22487,5.42992,22.7495,0.928827
PM10,Warsaw,1,60,0.024000,1,8.70383,6.42841,26.838,0.902847
PM10,Warsaw,1,60,0.024000,5,7.63001,5.62023,22.6691,0.920448
PM10,Warsaw,1,60,0.024000,10,7.46397,5.53521,23.1328,0.922414
PM10,Warsaw,1,60,0.024000,15,7.29701,5.4632,22.4567,0.929415
PM10,Warsaw,1,60,0.024000,20,7.19519,5.4178,22.6124,0.931534
PM10,Warsaw,1,60,0.024000,25,7.27786,5.38142,22.6168,0.929225
PM10,Warsaw,1,60,0.024000,30,7.29516,5.35958,22.4526,0.925368
PM10,Warsaw,1,60,0.024000,35,7.24263,5.4308,22.5464,0.92711
PM10,Warsaw,1,60,0.024000,40,7.24496,5.40656,22.4846,0.927727
PM10,Warsaw,1,60,0.024000,50,7.21648,5.40257,22.7065,0.928283
PM10,Warsaw,1,60,0.024000,60,7.16933,5.33558,22.1825,0.928982
PM10,Warsaw,1,60,0.024000,100,7.23116,5.38053,22.3926,0.928014
PM10,Warsaw,1,60,0.024000,120,7.22981,5.40025,22.8263,0.928314
PM10,Warsaw,1,60,0.025000,1,8.70383,6.42841,26.838,0.902847
PM10,Warsaw,1,60,0.025000,5,7.71052,5.80408,23.8353,0.916277
PM10,Warsaw,1,60,0.025000,10,7.14956,5.35976,22.6128,0.9299
PM10,Warsaw,1,60,0.025000,15,7.268,5.36754,22.6706,0.924514
PM10,Warsaw,1,60,0.025000,20,7.50629,5.52783,22.1704,0.92275
PM10,Warsaw,1,60,0.025000,25,7.10959,5.29751,22.6012,0.930295
PM10,Warsaw,1,60,0.025000,30,7.38078,5.46151,22.0743,0.923983
PM10,Warsaw,1,60,0.025000,35,7.20625,5.3406,22.8627,0.927575
PM10,Warsaw,1,60,0.025000,40,7.30475,5.40299,22.3938,0.924438
PM10,Warsaw,1,60,0.025000,50,7.3996,5.46671,22.7993,0.923667
PM10,Warsaw,1,60,0.025000,60,7.25104,5.35858,22.5602,0.925412
PM10,Warsaw,1,60,0.025000,100,7.23393,5.3784,22.4239,0.926767
PM10,Warsaw,1,60,0.025000,120,7.12862,5.32125,22.2867,0.929579
PM10,Warsaw,1,60,0.025000,1,8.70383,6.42841,26.838,0.902847
PM10,Warsaw,1,60,0.025000,5,7.57778,5.65912,23.161,0.921468
PM10,Warsaw,1,60,0.025000,10,7.65217,5.5509,22.8616,0.915207
PM10,Warsaw,1,60,0.025000,15,7.41457,5.42837,22.5355,0.922361
PM10,Warsaw,1,60,0.025000,20,7.33825,5.40636,22.6201,0.924353
PM10,Warsaw,1,60,0.025000,25,7.21555,5.37104,22.705,0.927857
PM10,Warsaw,1,60,0.025000,30,7.30552,5.44013,22.352,0.925944
PM10,Warsaw,1,60,0.025000,35,7.51529,5.56438,22.9007,0.920638
PM10,Warsaw,1,60,0.025000,40,7.19331,5.34236,22.4926,0.928811
PM10,Warsaw,1,60,0.025000,50,7.35882,5.40603,22.4398,0.923546
PM10,Warsaw,1,60,0.025000,60,7.23267,5.30659,22.3218,0.925997
PM10,Warsaw,1,60,0.025000,100,7.32555,5.41709,22.5111,0.925411
PM10,Warsaw,1,60,0.025000,120,7.15366,5.35086,22.2761,0.929251
PM10,Warsaw,1,65,0.010000,1,7.92034,5.77338,24.1505,0.928063
PM10,Warsaw,1,65,0.010000,5,7.34914,5.40074,22.8614,0.928358
PM10,Warsaw,1,65,0.010000,10,7.27978,5.34003,21.9669,0.93256
PM10,Warsaw,1,65,0.010000,15,7.07545,5.22406,21.5559,0.936688
PM10,Warsaw,1,65,0.010000,20,7.21759,5.3331,21.9387,0.933961
PM10,Warsaw,1,65,0.010000,25,7.28076,5.34083,22.1054,0.932503
PM10,Warsaw,1,65,0.010000,30,7.11786,5.30756,21.9081,0.935703
PM10,Warsaw,1,65,0.010000,35,7.32905,5.38568,22.0288,0.932493
PM10,Warsaw,1,65,0.010000,40,7.25804,5.38624,22.1699,0.93438
PM10,Warsaw,1,65,0.010000,50,7.2284,5.38856,22.0915,0.935526
PM10,Warsaw,1,65,0.010000,60,7.18474,5.29592,21.9106,0.93561
PM10,Warsaw,1,65,0.010000,100,7.24539,5.37281,22.1111,0.934913
PM10,Warsaw,1,65,0.010000,120,7.16051,5.297,21.8088,0.934879
PM10,Warsaw,1,65,0.013000,1,8.21026,6.0058,25.3763,0.920525
PM10,Warsaw,1,65,0.013000,5,7.82492,5.70188,23.5151,0.919496
PM10,Warsaw,1,65,0.013000,10,7.66395,5.53194,22.3542,0.92567
PM10,Warsaw,1,65,0.013000,15,7.34204,5.48117,22.5572,0.931213
PM10,Warsaw,1,65,0.013000,20,7.31672,5.42855,22.4971,0.929773
PM10,Warsaw,1,65,0.013000,25,7.2437,5.42815,22.49,0.931768
PM10,Warsaw,1,65,0.013000,30,7.52101,5.54862,22.788,0.925631
PM10,Warsaw,1,65,0.013000,35,7.42971,5.52159,22.6602,0.929136
PM10,Warsaw,1,65,0.013000,40,7.27824,5.41341,22.3856,0.932291
PM10,Warsaw,1,65,0.013000,50,7.27296,5.39272,22.3172,0.931435
PM10,Warsaw,1,65,0.013000,60,7.22642,5.38924,22.274,0.932831
PM10,Warsaw,1,65,0.013000,100,7.23113,5.39263,22.3652,0.931921
PM10,Warsaw,1,65,0.013000,120,7.31721,5.44391,22.5413,0.930905
PM10,Warsaw,1,65,0.014000,1,8.4327,6.13728,25.5588,0.916951
PM10,Warsaw,1,65,0.014000,5,7.62864,5.52908,22.6233,0.921226
PM10,Warsaw,1,65,0.014000,10,7.17017,5.31607,22.1949,0.93183
PM10,Warsaw,1,65,0.014000,15,7.47287,5.53258,22.7595,0.926604
PM10,Warsaw,1,65,0.014000,20,7.46342,5.56191,23.2175,0.926084
PM10,Warsaw,1,65,0.014000,25,7.32291,5.46276,22.4894,0.930964
PM10,Warsaw,1,65,0.014000,30,7.32905,5.45118,22.8743,0.928081
PM10,Warsaw,1,65,0.014000,35,7.40484,5.46583,22.4197,0.927472
PM10,Warsaw,1,65,0.014000,40,7.34076,5.44484,22.4608,0.929302
PM10,Warsaw,1,65,0.014000,50,7.36599,5.4788,22.5212,0.929078
PM10,Warsaw,1,65,0.014000,60,7.30495,5.45075,22.5956,0.93104
PM10,Warsaw,1,65,0.014000,100,7.36013,5.46287,22.5241,0.928833
PM10,Warsaw,1,65,0.014000,120,7.24348,5.37386,22.2021,0.931942
PM10,Warsaw,1,65,0.015000,1,8.3548,6.05106,25.1859,0.91752
PM10,Warsaw,1,65,0.015000,5,7.43784,5.50151,23.3038,0.925787
PM10,Warsaw,1,65,0.015000,10,7.58523,5.68562,23.4573,0.924674
PM10,Warsaw,1,65,0.015000,15,7.25068,5.3996,22.4962,0.931528
PM10,Warsaw,1,65,0.015000,20,7.37056,5.53857,23.0746,0.930366
PM10,Warsaw,1,65,0.015000,25,7.45544,5.49907,22.8348,0.926786
PM10,Warsaw,1,65,0.015000,30,7.33728,5.50972,23.0787,0.930485
PM10,Warsaw,1,65,0.015000,35,7.34385,5.49851,22.87,0.928827
PM10,Warsaw,1,65,0.015000,40,7.30979,5.46927,22.8897,0.928448
PM10,Warsaw,1,65,0.015000,50,7.3119,5.43808,22.762,0.928887
PM10,Warsaw,1,65,0.015000,60,7.41411,5.57478,23.0457,0.927502
PM10,Warsaw,1,65,0.015000,100,7.30463,5.45176,22.7333,0.929515
PM10,Warsaw,1,65,0.015000,120,7.37748,5.51241,22.685,0.929063
PM10,Warsaw,1,65,0.016000,1,8.52694,6.21818,26.1915,0.909904
PM10,Warsaw,1,65,0.016000,5,7.55755,5.68606,23.7762,0.92755
PM10,Warsaw,1,65,0.016000,10,7.74765,5.68611,23.2542,0.918845
PM10,Warsaw,1,65,0.016000,15,7.44492,5.55684,23.098,0.928039
PM10,Warsaw,1,65,0.016000,20,7.33166,5.47153,22.7845,0.928585
PM10,Warsaw,1,65,0.016000,25,7.37259,5.52563,22.8767,0.926557
PM10,Warsaw,1,65,0.016000,30,7.47486,5.59666,23.1645,0.925806
PM10,Warsaw,1,65,0.016000,35,7.29915,5.41956,22.6477,0.928915
PM10,Warsaw,1,65,0.016000,40,7.42938,5.52462,22.9239,0.925668
PM10,Warsaw,1,65,0.016000,50,7.36294,5.51645,22.7714,0.928203
PM10,Warsaw,1,65,0.016000,60,7.36816,5.50311,22.6919,0.928019
PM10,Warsaw,1,65,0.016000,100,7.34616,5.48096,22.7166,0.928417
PM10,Warsaw,1,65,0.016000,120,7.42886,5.51314,22.8559,0.926048
PM10,Warsaw,1,65,0.017000,1,8.50566,6.18662,25.7495,0.911499
PM10,Warsaw,1,65,0.017000,5,7.55475,5.60899,23.493,0.925649
PM10,Warsaw,1,65,0.017000,10,7.52181,5.66265,23.2086,0.924118
PM10,Warsaw,1,65,0.017000,15,7.76518,5.76485,23.904,0.919402
PM10,Warsaw,1,65,0.017000,20,7.35794,5.51772,23.033,0.925247
PM10,Warsaw,1,65,0.017000,25,7.46382,5.60684,23.0575,0.924878
PM10,Warsaw,1,65,0.017000,30,7.29556,5.38574,22.5916,0.92718
PM10,Warsaw,1,65,0.017000,35,7.2266,5.44091,22.4982,0.929923
PM10,Warsaw,1,65,0.017000,40,7.45687,5.58189,23.1629,0.924787
PM10,Warsaw,1,65,0.017000,50,7.34562,5.47868,22.6989,0.927453
PM10,Warsaw,1,65,0.017000,60,7.35774,5.47206,22.6724,0.926526
PM10,Warsaw,1,65,0.017000,100,7.5529,5.64245,23.0072,0.924047
PM10,Warsaw,1,65,0.017000,120,7.35943,5.51544,22.8355,0.928153
PM10,Warsaw,1,65,0.018000,1,7.75148,5.6976,24.116,0.924633
PM10,Warsaw,1,65,0.018000,5,7.79901,5.83356,24.4278,0.921402
PM10,Warsaw,1,65,0.018000,10,7.72685,5.65091,22.9322,0.917215
PM10,Warsaw,1,65,0.018000,15,7.47941,5.59322,22.9772,0.921465
PM10,Warsaw,1,65,0.018000,20,7.43073,5.52835,22.7973,0.926116
PM10,Warsaw,1,65,0.018000,25,7.72994,5.75589,23.7439,0.921123
PM10,Warsaw,1,65,0.018000,30,7.36951,5.52875,23.0487,0.925303
PM10,Warsaw,1,65,0.018000,35,7.41204,5.54965,23.1357,0.923655
PM10,Warsaw,1,65,0.018000,40,7.47734,5.59209,22.8681,0.922909
PM10,Warsaw,1,65,0.018000,50,7.40199,5.55012,22.9526,0.926283
PM10,Warsaw,1,65,0.018000,60,7.43294,5.61684,23.0254,0.924678
PM10,Warsaw,1,65,0.018000,100,7.54521,5.65676,23.2278,0.922065
PM10,Warsaw,1,65,0.018000,120,7.57515,5.68667,23.1492,0.921144
PM10,Warsaw,1,65,0.019000,1,8.12781,5.8359,24.4025,0.917668
PM10,Warsaw,1,65,0.019000,5,8.28598,6.07077,24.9567,0.898799
PM10,Warsaw,1,65,0.019000,10,7.40998,5.46945,23.0866,0.920281
PM10,Warsaw,1,65,0.019000,15,7.39649,5.56167,23.4861,0.924203
PM10,Warsaw,1,65,0.019000,20,7.28141,5.4174,22.6461,0.925274
PM10,Warsaw,1,65,0.019000,25,7.41555,5.58534,23.0198,0.924306
PM10,Warsaw,1,65,0.019000,30,7.32342,5.45972,22.7995,0.926294
PM10,Warsaw,1,65,0.019000,35,7.27432,5.42881,22.5179,0.927141
PM10,Warsaw,1,65,0.019000,40,7.13694,5.33349,22.4509,0.929698
PM10,Warsaw,1,65,0.019000,50,7.25506,5.42657,22.5678,0.92573
PM10,Warsaw,1,65,0.019000,60,7.37839,5.50844,22.8017,0.924164
PM10,Warsaw,1,65,0.019000,100,7.30371,5.4403,22.6512,0.926378
PM10,Warsaw,1,65,0.019000,120,7.29396,5.45691,22.6983,0.926599
PM10,Warsaw,1,65,0.020000,1,7.68824,5.63597,24.1179,0.917896
PM10,Warsaw,1,65,0.020000,5,7.26157,5.38992,22.9945,0.927501
PM10,Warsaw,1,65,0.020000,10,7.3568,5.55657,23.1967,0.925416
PM10,Warsaw,1,65,0.020000,15,7.76113,5.69657,23.2298,0.913705
PM10,Warsaw,1,65,0.020000,20,7.33793,5.5097,22.8817,0.924291
PM10,Warsaw,1,65,0.020000,25,7.23999,5.40124,22.5984,0.930139
PM10,Warsaw,1,65,0.020000,30,7.38889,5.61466,23.1961,0.92295
PM10,Warsaw,1,65,0.020000,35,7.42306,5.50131,22.6732,0.921277
PM10,Warsaw,1,65,0.020000,40,7.27043,5.48138,22.8541,0.925355
PM10,Warsaw,1,65,0.020000,50,7.36346,5.52425,23.1212,0.924984
PM10,Warsaw,1,65,0.020000,60,7.26772,5.3999,22.4388,0.925951
PM10,Warsaw,1,65,0.020000,100,7.30916,5.47874,22.8201,0.924889
PM10,Warsaw,1,65,0.020000,120,7.37149,5.51066,22.8852,0.923215
PM10,Warsaw,1,65,0.021000,1,7.6949,5.51844,22.9191,0.917352
PM10,Warsaw,1,65,0.021000,5,7.74779,5.79844,23.6692,0.917395
PM10,Warsaw,1,65,0.021000,10,7.35507,5.59909,23.0565,0.926879
PM10,Warsaw,1,65,0.021000,15,7.17368,5.4205,22.6311,0.930057
PM10,Warsaw,1,65,0.021000,20,7.34577,5.52655,23.1266,0.924208
PM10,Warsaw,1,65,0.021000,25,7.59303,5.7112,23.7351,0.917433
PM10,Warsaw,1,65,0.021000,30,7.22304,5.46194,22.7189,0.927966
PM10,Warsaw,1,65,0.021000,35,7.29035,5.47223,22.7526,0.926221
PM10,Warsaw,1,65,0.021000,40,7.69818,5.75111,23.7919,0.916495
PM10,Warsaw,1,65,0.021000,50,7.19931,5.41565,22.7819,0.928772
PM10,Warsaw,1,65,0.021000,60,7.49299,5.65261,23.3666,0.920457
PM10,Warsaw,1,65,0.021000,100,7.28657,5.45235,22.7164,0.925614
PM10,Warsaw,1,65,0.021000,120,7.26251,5.44611,22.6961,0.926215
PM10,Warsaw,1,65,0.022000,1,7.68432,5.4987,22.9278,0.917808
PM10,Warsaw,1,65,0.022000,5,7.28326,5.41727,22.9203,0.926126
PM10,Warsaw,1,65,0.022000,10,7.50812,5.59837,23.2597,0.924707
PM10,Warsaw,1,65,0.022000,15,7.35794,5.51648,23.2662,0.92288
PM10,Warsaw,1,65,0.022000,20,7.41339,5.56188,23.0848,0.922289
PM10,Warsaw,1,65,0.022000,25,7.39965,5.57175,23.2139,0.922453
PM10,Warsaw,1,65,0.022000,30,7.33281,5.47772,22.9546,0.924071
PM10,Warsaw,1,65,0.022000,35,7.26865,5.47122,23.0082,0.925606
PM10,Warsaw,1,65,0.022000,40,7.30329,5.52225,23.0642,0.923859
PM10,Warsaw,1,65,0.022000,50,7.32376,5.53725,23.3081,0.925311
PM10,Warsaw,1,65,0.022000,60,7.31142,5.45836,22.9225,0.924046
PM10,Warsaw,1,65,0.022000,100,7.36877,5.57133,23.0459,0.924392
PM10,Warsaw,1,65,0.022000,120,7.32455,5.55327,23.2725,0.924665
PM10,Warsaw,1,65,0.023000,1,7.67363,5.48032,22.7706,0.918272
PM10,Warsaw,1,65,0.023000,5,7.40141,5.45068,23.0782,0.921899
PM10,Warsaw,1,65,0.023000,10,7.16896,5.33392,22.5814,0.929202
PM10,Warsaw,1,65,0.023000,15,7.33016,5.45135,22.9177,0.924099
PM10,Warsaw,1,65,0.023000,20,7.34159,5.5406,23.3454,0.924128
PM10,Warsaw,1,65,0.023000,25,7.43443,5.62374,23.2858,0.922581
PM10,Warsaw,1,65,0.023000,30,7.29634,5.45153,22.7221,0.92661
PM10,Warsaw,1,65,0.023000,35,7.31354,5.44798,22.7161,0.923593
PM10,Warsaw,1,65,0.023000,40,7.29695,5.48671,22.7584,0.925476
PM10,Warsaw,1,65,0.023000,50,7.43082,5.60965,23.1163,0.922804
PM10,Warsaw,1,65,0.023000,60,7.27596,5.44073,22.8339,0.925184
PM10,Warsaw,1,65,0.023000,100,7.34494,5.51675,22.8698,0.924335
PM10,Warsaw,1,65,0.023000,120,7.30087,5.49096,22.857,0.924521
PM10,Warsaw,1,65,0.024000,1,7.72318,5.56096,23.3787,0.916904
PM10,Warsaw,1,65,0.024000,5,7.68173,5.74014,23.9186,0.918727
PM10,Warsaw,1,65,0.024000,10,7.3983,5.52598,22.6415,0.924884
PM10,Warsaw,1,65,0.024000,15,7.40984,5.58694,23.1964,0.92431
PM10,Warsaw,1,65,0.024000,20,7.41458,5.59535,23.2775,0.924534
PM10,Warsaw,1,65,0.024000,25,7.36627,5.53617,23.1596,0.924287
PM10,Warsaw,1,65,0.024000,30,7.24494,5.44852,23.1689,0.925829
PM10,Warsaw,1,65,0.024000,35,7.41832,5.5069,22.6519,0.922484
PM10,Warsaw,1,65,0.024000,40,7.34138,5.5381,22.9193,0.924373
PM10,Warsaw,1,65,0.024000,50,7.27894,5.45168,22.7449,0.925871
PM10,Warsaw,1,65,0.024000,60,7.16796,5.36033,22.314,0.927523
PM10,Warsaw,1,65,0.024000,100,7.18765,5.41431,22.671,0.927563
PM10,Warsaw,1,65,0.024000,120,7.21977,5.42259,22.6055,0.926839
PM10,Warsaw,1,65,0.025000,1,7.74522,5.60968,23.7811,0.915209
PM10,Warsaw,1,65,0.025000,5,8.06906,6.07862,24.8235,0.908853
PM10,Warsaw,1,65,0.025000,10,7.39127,5.43006,22.923,0.921988
PM10,Warsaw,1,65,0.025000,15,7.34092,5.43595,22.7318,0.924041
PM10,Warsaw,1,65,0.025000,20,7.31784,5.42841,22.5083,0.923721
PM10,Warsaw,1,65,0.025000,25,7.55269,5.71078,23.164,0.921305
PM10,Warsaw,1,65,0.025000,30,7.3461,5.50424,22.9529,0.923086
PM10,Warsaw,1,65,0.025000,35,7.24121,5.38022,22.4571,0.924705
PM10,Warsaw,1,65,0.025000,40,7.35253,5.46749,22.8308,0.922885
PM10,Warsaw,1,65,0.025000,50,7.27359,5.47308,22.671,0.926422
PM10,Warsaw,1,65,0.025000,60,7.34199,5.47989,22.669,0.923433
PM10,Warsaw,1,65,0.025000,100,7.14711,5.41069,22.6555,0.928362
PM10,Warsaw,1,65,0.025000,120,7.2784,5.47874,22.8029,0.924545
PM10,Warsaw,1,65,0.025000,1,7.74522,5.60968,23.7811,0.915209
PM10,Warsaw,1,65,0.025000,5,7.25334,5.39843,22.8933,0.923406
PM10,Warsaw,1,65,0.025000,10,7.29916,5.4533,22.5776,0.927921
PM10,Warsaw,1,65,0.025000,15,7.33489,5.58291,23.1165,0.924689
PM10,Warsaw,1,65,0.025000,20,7.43864,5.55998,22.7498,0.924163
PM10,Warsaw,1,65,0.025000,25,7.25339,5.39305,22.6165,0.926885
PM10,Warsaw,1,65,0.025000,30,7.46278,5.64856,23.4651,0.920406
PM10,Warsaw,1,65,0.025000,35,7.49137,5.64846,23.1234,0.921807
PM10,Warsaw,1,65,0.025000,40,7.27762,5.4098,22.4999,0.924349
PM10,Warsaw,1,65,0.025000,50,7.18499,5.39549,22.4882,0.927615
PM10,Warsaw,1,65,0.025000,60,7.16629,5.32636,22.2827,0.926928
PM10,Warsaw,1,65,0.025000,100,7.26047,5.45093,22.6209,0.925851
PM10,Warsaw,1,65,0.025000,120,7.27084,5.48534,22.7874,0.926261
