0,0,0,2,0,0,0,0,0,0,0
20.5,19.6,25.1,5.0,-10.8,3.0,6.618218161038508,-19.01902582139968,5.255022158635031,36.833830245167256,34.6
19.6,25.1,34.6,6.0,-4.2,3.7,13.447973135815738,-16.44511730744825,3.471909405988385,36.652874067643424,43.9
25.1,34.6,43.9,7.0,0.3,1.0,11.982984274960101,-12.611158979163362,1.725911529607056,36.46055805206542,23.5
34.6,43.9,23.5,8.0,2.1,1.7,2.6613643952731083,-7.871713184660845,0.036435411193774046,36.25881594646002,29.7
43.9,23.5,29.7,9.0,2.2,1.7,-6.947794866737945,-2.7912781072946555,-1.5771120675486845,36.049581498853904,31.2
23.5,29.7,31.2,10.0,2.2,2.3,-13.030234556761116,2.006867868685894,-3.095324024917597,35.83478845727392,33.1
29.7,31.2,33.1,11.0,3.4,1.3,-12.847726691679812,5.975373742587784,-4.498793579210175,35.6163705697468,29.8
31.2,33.1,29.8,12.0,3.2,2.0,-4.6289995220971125,8.886298006826781,-5.768113848723718,35.39626158429929,33.8
33.1,29.8,33.8,13.0,3.2,2.0,5.875163969984539,10.650426372908822,-6.883877951755476,35.17639524895819,61.6
29.8,33.8,61.6,14.0,1.5,2.3,11.722465796155209,11.196663195161603,-7.829097690540872,34.95870531175023,41.6
33.8,61.6,41.6,15.0,1.3,2.0,9.544028430400193,10.526917329880153,-8.601261408300648,34.74512552070222,23.9
61.6,41.6,23.9,16.0,3.0,2.7,2.4846422310807834,8.898835382156369,-9.219483353123822,34.537589623840866,37.4
41.6,23.9,37.4,17.0,3.7,1.7,-4.73868984907061,6.633393723296989,-9.707679578332158,34.338031369192976,33.1
23.9,37.4,33.1,18.0,4.1,2.0,-8.843235347254263,4.051568724608528,-10.089766137247208,34.14838450478529,14.9
37.4,33.1,14.9,19.0,6.4,2.0,-9.03963792230547,1.472942739400193,-10.389659083190628,33.97058277864458,11.7
33.1,14.9,11.7,20.0,4.4,2.3,-6.424430944257153,-0.8188057633624588,-10.631274469484103,33.80655993879762,8.7
14.9,11.7,8.7,21.0,4.8,2.0,-2.225828149236696,-2.6700349524705165,-10.838528349449241,33.65824973327114,8.2
11.7,8.7,8.2,22.0,3.4,2.0,2.379578246502832,-3.9867562904455793,-11.0353367764077,33.52758591009195,16.0
8.7,8.2,16.0,23.0,1.3,3.0,5.913071541199237,-4.682312610153409,-11.245615803681108,33.41650221728677,32.8
8.2,16.0,32.8,24.0,1.6,1.7,5.963102615308452,-4.6985736201220725,-11.491993963435041,33.326932402882406,13.9
16.0,32.8,13.9,25.0,4.1,3.7,1.187738238065285,-4.08636417917814,-11.780400906851302,33.26081021490562,12.6
32.8,13.9,12.6,26.0,6.4,5.3,-4.46252359963907,-2.904426612408792,-12.06928357851767,33.22006940138313,9.4
13.9,12.6,9.4,27.0,3.9,4.7,-4.737393594120723,-1.2167399491299367,-12.305540126662443,33.20664371034171,22.8
12.6,9.4,22.8,28.0,1.5,2.3,0.10819000987662578,0.8215326208050365,-12.435760236494083,33.22215842678822,33.3
9.4,22.8,33.3,29.0,2.6,1.7,4.760413230932998,2.846327114079666,-12.404513108216474,33.266218350725,33.2
22.8,33.3,33.2,30.0,5.0,1.7,4.280177511343792,4.387820608299524,-12.15291082142285,33.33497116154369,21.1
33.3,33.2,21.1,31.0,4.3,3.0,-1.2585170592070687,4.838414282828016,-11.624530353561452,33.42376940214104,24.0
33.2,21.1,24.0,1.0,4.1,3.0,-6.667295200266816,3.8883493175238963,-10.78296521419612,33.52796348952139,21.9
21.1,24.0,21.9,2.0,5.0,2.0,-5.277967614325824,1.5233732721133832,-9.627207742328316,33.64290384068894,22.1
24.0,21.9,22.1,3.0,2.3,1.7,1.4401646489191218,-1.5315192421456927,-8.180127648189666,33.76394087264802,29.1
21.9,22.1,29.1,4.0,4.0,2.7,9.38088360505752,-4.334922134039848,-6.468819354667141,33.88642500240289,40.8
22.1,29.1,40.8,5.0,6.2,1.3,12.308529099410567,-5.936084245144271,-4.52083052593245,34.00570664695782,29.1
29.1,40.8,29.1,6.0,6.3,1.7,5.456289246342224,-5.647026276398987,-2.3815472510725315,34.117136223317054,15.8
40.8,29.1,15.8,7.0,6.2,3.0,-6.735739457623415,-3.8376549854736144,-0.1609106995655545,34.216064148484904,23.9
29.1,15.8,23.9,8.0,4.7,1.7,-17.26021418672184,-1.1424619545413746,2.015112499333816,34.2978408394656,34.7
15.8,23.9,34.7,9.0,2.2,1.0,-18.55203720135439,1.818468830284361,4.020555716370819,34.357816713263446,39.8
23.9,34.7,39.8,10.0,2.9,1.0,-5.750924571448177,4.454260030419831,5.729452322290765,34.3913421868827,39.9
34.7,39.8,39.9,11.0,1.4,1.7,12.680843171114768,6.074746956503922,7.015835687838929,34.39376767732765,92.4
39.8,39.9,92.4,12.0,0.9,1.0,20.928062699302572,5.959441296443153,7.7556390697837445,34.36044360160253,58.1
39.9,92.4,58.1,13.0,2.0,1.7,11.878576492927664,3.709823408243168,7.866178019290893,34.28672037671164,11.2
92.4,58.1,11.2,14.0,2.2,2.0,-4.110414758631062,0.24374662065366037,7.401049552128394,34.168697842298826,11.0
58.1,11.2,11.0,15.0,-1.9,3.0,-15.144438542521925,-3.1913675233838865,6.444635743810601,34.00547352856628,20.2
11.2,11.0,20.2,16.0,-4.9,2.0,-18.802065609527627,-5.348097480927953,5.080569247212309,33.79689438835574,25.0
11.0,20.2,25.0,17.0,-3.1,2.0,-14.96612643416569,-5.3111656662871365,3.39250250743452,33.54280737450901,27.4
20.2,25.0,27.4,18.0,-0.5,3.0,-3.74315618808012,-3.5062102084091786,1.4765070241223148,33.2430594398678,28.2
25.0,27.4,28.2,19.0,3.6,2.7,8.023446006324605,-0.7428750347117993,-0.5194640696333175,32.89749753727391,40.1
27.4,28.2,40.1,20.0,3.5,2.0,11.830825916934893,2.1468468470931725,-2.4251085604470757,32.50596861956906,53.6
28.2,40.1,53.6,21.0,4.3,1.7,6.737600405876399,4.3943553317100195,-4.06762193626996,32.06831963959505,17.4
40.1,53.6,17.4,22.0,7.8,4.3,-3.467172946722449,5.51195509368151,-5.291523660571906,31.584397550193632,18.7
53.6,17.4,18.7,23.0,7.6,5.3,-6.312346469263903,5.165334745264444,-6.028821933456924,31.054049304206586,30.2
17.4,18.7,30.2,24.0,8.1,2.0,-1.5178180999975721,3.396000805306717,-6.301620268780897,30.47712185447564,26.4
18.7,30.2,26.4,25.0,6.8,2.3,4.031931251942832,1.4065429985712246,-6.151248127050632,29.85449526593541,27.3
30.2,26.4,27.3,26.0,6.2,3.3,-0.0027616048995133258,0.3006989707332158,-5.623739775177984,29.19175440992542,14.1
26.4,27.3,14.1,27.0,8.2,3.0,-3.4613509803660403,-0.3560923202398454,-4.769076561707973,28.49843123941846,18.8
27.3,14.1,18.8,28.0,4.3,4.0,0.00960829712463009,-1.2463155923542357,-3.640310342843636,27.787128215045275,38.1
14.1,18.8,38.1,29.0,4.1,3.0,4.2916619408365895,-2.5058515798034944,-2.291117512194112,27.07107233484273,11.4
18.8,38.1,11.4,1.0,5.4,3.7,3.194968681020896,-4.066612329124428,-0.7751744633685045,26.363490596847683,9.0
38.1,11.4,9.0,2.0,6.0,4.0,-0.17921435172360153,-5.591239120039526,0.8538424100240859,25.677609999096934,17.4
11.4,9.0,17.4,3.0,5.1,3.7,-4.195688752732673,-6.673673403007023,2.5408745768138776,25.026657539627333,18.7
9.0,17.4,18.7,4.0,2.8,2.3,-7.367277678165451,-6.889703479353996,4.212710356699818,24.423860216475788,26.7
17.4,18.7,26.7,5.0,0.3,1.0,-7.878994264699393,-5.7866463284523135,5.743702927903542,23.882445027679072,13.5
18.7,26.7,13.5,6.0,1.5,3.7,-4.584931412466278,-3.2179246968873794,6.99336243630547,23.415638971274042,25.0
26.7,13.5,25.0,7.0,3.6,2.3,0.8792534934556181,0.03925537173342922,7.82064441942277,23.036669045297604,35.0
13.5,25.0,35.0,8.0,6.2,1.0,5.88728878349252,2.982594312337024,8.085777889301653,22.757488773257634,48.4
25.0,35.0,48.4,9.0,6.9,1.3,7.935322495022002,4.609792559850344,7.655559093181577,22.583484443468734,32.8
35.0,48.4,32.8,10.0,5.6,1.0,4.902121487256691,4.240692802863637,6.453457024328111,22.512875521405036,33.3
48.4,32.8,33.3,11.0,7.3,2.3,-1.7562333096067515,2.4837067446207035,4.602437705827038,22.54240813546284,14.1
32.8,33.3,14.1,12.0,7.7,3.7,-5.641224246199652,0.2693883420285535,2.2749730839498623,22.66882841403834,10.6
33.3,14.1,10.6,13.0,6.0,4.3,-4.364713752529395,-1.5473448331271238,-0.3564648950320714,22.88888248552785,24.3
14.1,10.6,24.3,14.0,5.0,4.0,0.6543333601028203,-2.4303934491362233,-3.1194042848472283,23.199316478327603,13.2
10.6,24.3,13.2,15.0,3.8,3.0,3.0075638968346867,-1.9902442396551383,-5.835514257338473,23.59687652083386,21.5
24.3,13.2,21.5,16.0,4.9,2.0,1.0494811643608934,-0.16663773803406942,-8.297023401718555,24.078308741442893,14.2
13.2,21.5,14.2,17.0,4.7,0.7,-1.6529541639403567,1.9374179890075944,-10.267054843726417,24.64035926855094,11.6
21.5,14.2,11.6,18.0,2.0,4.7,-2.2659028024721173,3.024356097967031,-11.505821209053412,25.279774230554303,15.4
14.2,11.6,15.4,19.0,1.8,2.7,0.17946466643222858,2.429187937616985,-11.835569131705448,25.992601169679286,20.8
11.6,15.4,20.8,20.0,1.3,2.0,3.351608541018483,0.6357594597210744,-11.32275343233473,26.771259991899814,19.2
15.4,20.8,19.2,21.0,1.0,3.0,4.346170179395919,-1.6477918805591998,-10.09175613485649,27.604138850728177,19.4
20.8,19.2,19.4,22.0,5.1,1.3,2.3424385357824993,-3.927538229960268,-8.265310691902608,28.478792608103753,18.8
19.2,19.4,18.8,23.0,2.8,1.7,-0.26138583370282054,-5.9672288353302925,-5.962889437263131,29.382776125965876,14.6
19.4,18.8,14.6,24.0,0.8,2.0,-2.142255327331887,-7.583317847528808,-3.3026125805260294,30.303644266253993,23.4
18.8,14.6,23.4,25.0,0.8,2.3,-3.1569547979920576,-8.585564577389759,-0.400238374495926,31.228951890907407,14.0
14.6,23.4,14.0,26.0,0.3,2.3,-5.492208155385834,-8.778652563107014,2.625648436864558,32.146253861865546,26.0
23.4,14.0,26.0,27.0,1.2,1.3,-9.994090548382626,-7.950554769246912,5.639748557906668,33.04310504106774,34.4
14.0,26.0,34.4,28.0,3.9,2.3,-13.909627058235834,-5.884852402101179,8.502370934706974,33.907060290453394,34.5
26.0,34.4,34.5,29.0,5.3,1.7,-13.621977166482797,-2.530133158576066,11.073781986502288,34.725674471961845,26.8
34.4,34.5,26.8,30.0,7.6,1.3,-6.893303822349407,1.5046457314643629,13.21424813252931,35.486502447532544,55.4
34.5,26.8,55.4,31.0,7.5,3.0,4.326897859360794,5.4447841681389555,14.784035792024957,36.177099079104785,93.8
26.8,55.4,93.8,1.0,6.2,1.0,13.952508939944229,8.515408588426181,15.643411384225894,36.78501922861798,77.7
55.4,93.8,77.7,2.0,6.7,1.7,16.51350859638284,9.941645429304241,15.65247657298766,37.297982513392846,66.0
93.8,77.7,66.0,3.0,7.7,1.0,13.452431847488846,9.208948575938416,14.72127763797977,37.70702284158939,47.7
77.7,66.0,47.7,4.0,8.2,2.7,6.640285735939141,6.844081706242149,12.962110652847937,38.01395995400491,50.8
66.0,47.7,50.8,5.0,7.4,2.0,-1.8801569064949837,3.6341359463157743,10.537875328577307,38.223268860750764,49.7
47.7,50.8,49.7,6.0,7.6,1.3,-8.782336602422495,0.3662024222595742,7.611471376153142,38.33942457193818,31.3
50.8,49.7,31.3,7.0,9.1,2.0,-12.478786092868273,-2.1726277398260443,4.345798506560466,38.366902097678555,19.3
49.7,31.3,19.3,8.0,5.9,4.7,-9.58689575158899,-3.366795921911239,0.9037564307844913,38.310176448083105,38.7
31.3,19.3,38.7,9.0,8.5,2.7,1.244056059536635,-3.276467052302889,-2.551748822346129,38.17372263326315,34.2
19.3,38.7,34.2,10.0,12.7,1.7,8.528925252411314,-2.0920848258136564,-5.857413750410869,37.96201566333001,35.0
38.7,34.2,35.0,11.0,10.4,2.0,1.6533759733127376,-0.19003041590245545,-8.848416708621935,37.67953054839497,15.1
34.2,35.0,15.1,12.0,10.3,2.3,-6.449389612320189,1.27352217887175,-11.359471787363923,37.33074229856937,22.0
35.0,15.1,22.0,13.0,9.9,2.3,-4.536489522952845,1.299552755696199,-13.259614580244353,36.92012592396445,31.3
15.1,22.0,31.3,14.0,12.4,1.0,1.8210754831038205,0.28691902389114043,-14.555646269208221,36.45215643469153,30.4
22.0,31.3,30.4,15.0,12.5,2.3,5.129379749343619,-1.054143930690745,-15.290262606420814,35.93130884086196,20.3
31.3,30.4,20.3,16.0,11.2,1.7,4.8743620116718605,-2.1265897074050297,-15.506546856883498,35.36205815258696,13.8
30.4,20.3,13.8,17.0,8.9,2.3,2.806479126453354,-2.740699903300788,-15.25208493855255,34.748586864727585,21.8
20.3,13.8,21.8,18.0,6.1,3.0,0.6774006234395882,-2.793341644997861,-14.590154768874417,34.094324209731234,18.4
13.8,21.8,18.4,19.0,5.6,1.7,-0.843078187447658,-2.187513181883334,-13.579311561320267,33.40410783883723,15.0
21.8,18.4,15.0,20.0,8.3,1.3,-3.0514490319144425,-0.8288867634856659,-12.275988286570987,32.683327160635976,17.5
18.4,15.0,17.5,21.0,10.4,1.7,-6.591514319643281,1.3768807133604628,-10.736667007691988,31.93740532340868,18.3
15.0,17.5,18.3,22.0,10.1,2.7,-7.397842906770798,4.445143238024505,-9.017829787748868,31.171765475436626,26.2
17.5,18.3,26.2,23.0,10.1,1.7,-3.2827214221791006,7.999286396576005,-7.175958689806997,30.39183076500099,41.3
18.3,26.2,41.3,24.0,10.9,1.0,4.040838975787966,11.279658868823319,-5.267535776931908,29.603024340383012,45.5
26.2,41.3,45.5,25.0,12.5,1.3,8.00131643508846,13.450597386458375,-3.3490431121890993,28.810769349863953,49.6
41.3,45.5,49.6,26.0,13.4,0.3,7.864903591570147,13.714510207271198,-1.4769627586440273,28.02048894172503,44.3
45.5,49.6,44.3,27.0,15.0,1.0,7.228472904009382,11.586651390538075,0.299187505735995,27.237606264247447,42.4
49.6,44.3,42.4,28.0,14.6,1.3,3.774551011287549,7.342021103668197,1.9577470433762085,26.46754446571247,24.9
44.3,42.4,24.9,29.0,12.4,1.7,-2.5432182535684724,1.7339223857994244,3.4840195018000473,25.715726694401322,16.1
42.4,24.9,16.1,30.0,14.6,1.3,-6.458625471978488,-4.4049059302717595,4.8633085285309825,24.98757609859519,18.0
24.9,16.1,18.0,1.0,14.0,1.3,-6.079760316287236,-10.27098022625166,6.0809177710923485,24.288515826575374,10.4
16.1,18.0,10.4,2.0,12.2,2.0,-2.5001531207652254,-15.155610028557609,7.122150877007657,23.62396902662304,9.1
18.0,10.4,9.1,3.0,12.0,1.7,0.7925100295486822,-18.255021993352138,7.972311493800297,22.999358847019472,18.3
10.4,9.1,18.3,4.0,13.6,1.3,1.218614160888376,-18.88562097441549,8.616703268993694,22.420108436045872,19.3
9.1,18.3,19.3,5.0,14.5,1.0,1.10138249246105,-17.529443825535914,9.044895737373448,21.89100129379432,11.5
18.3,19.3,11.5,6.0,13.7,2.7,2.003309483550454,-15.208735453136605,9.263521982773995,21.414262327600348,26.5
19.3,11.5,26.5,7.0,10.8,1.7,3.19487805537686,-12.923979296627028,9.283791437428553,20.991166335473626,15.1
11.5,26.5,15.1,8.0,14.9,1.3,1.9643578740802006,-11.19161309853613,9.118416462828462,20.621485186165746,25.3
26.5,15.1,25.3,9.0,11.8,1.0,1.2528692585404684,-9.711950395480736,8.781464220447585,20.30363594844583,25.8
15.1,25.3,25.8,10.0,13.5,1.3,2.404806185710983,-7.820447482996423,8.287262956471077,20.035774606371632,20.4
25.3,25.8,20.4,11.0,15.6,1.0,1.8085667938331131,-4.77903103504291,7.650140917084189,19.816057144000872,28.3
25.8,20.4,28.3,12.0,17.7,1.0,-2.63031554790063,-0.17515697511909825,6.884426348472096,19.642639545391297,19.9
20.4,28.3,19.9,13.0,14.4,1.0,-5.141596715638115,5.0958826168389875,6.0044474968200365,19.513677794600632,25.1
28.3,19.9,25.1,14.0,11.4,1.0,-2.912413348050682,9.866079674776476,5.024532608313199,19.427327875686608,33.0
19.9,25.1,33.0,15.0,13.7,1.3,2.79436275014132,12.881963079287107,3.9590099291367924,19.381745772706957,47.1
25.1,33.0,47.1,16.0,17.7,1.0,5.648603258055142,12.85732955858992,2.828173464775139,19.37508746971941,25.3
33.0,47.1,25.3,17.0,19.8,1.3,0.7875473967425948,9.071064884991385,1.675151656860836,19.405508950781687,22.5
47.1,25.3,22.5,18.0,17.2,2.0,-5.276492129950196,3.1518973966337143,0.5449243021334708,19.47116619995154,9.0
25.3,22.5,9.0,19.0,10.2,2.0,-3.608093590119752,-2.805102440497313,-0.5185574037152964,19.570215201286665,15.7
22.5,9.0,15.7,20.0,12.4,2.3,1.8845476248864568,-7.231271174504796,-1.4713422649939172,19.700811938844843,11.7
9.0,15.7,11.7,21.0,11.7,1.7,3.8714335904147728,-9.035793365983075,-2.2694790860107483,19.861112396683776,9.2
15.7,11.7,9.2,22.0,14.0,1.0,1.9136340440380015,-8.191574642825284,-2.878029446025814,20.04927255886119,11.6
11.7,9.2,11.6,23.0,13.2,1.3,-1.31575343805765,-5.611997234745104,-3.298106024105692,20.26344840943484,11.5
9.2,11.6,11.5,24.0,12.4,1.7,-2.183245251433163,-2.3654202628438217,-3.5397395537473257,20.50170121194123,14.7
11.6,11.5,14.7,25.0,13.1,1.0,-0.8582637825317764,0.684612222465821,-3.612215799240501,20.761347260709712,24.3
11.5,14.7,24.3,26.0,14.9,1.0,0.6113483643601609,3.0843172840279847,-3.52353857457193,21.038420899766557,27.1
14.7,24.3,27.1,27.0,17.2,2.0,0.9593431246355814,4.537449231526812,-3.2824540814357226,21.329698860845422,19.4
24.3,27.1,19.4,28.0,13.2,1.7,0.09357480078945143,4.972087262796857,-2.8979856402335153,21.632234994387503,18.9
27.1,19.4,18.9,29.0,15.6,1.3,-0.5791000255964333,4.367671657567353,-2.382113240168429,21.94308315083389,21.1
19.4,18.9,21.1,30.0,18.7,1.7,-0.294684247202575,3.0170744785147465,-1.7625542737537832,22.259297180625758,27.9
18.9,21.1,27.9,31.0,17.3,1.7,0.3929992539331484,1.332465982215849,-1.0856257147190658,22.577930934204247,22.9
21.1,27.9,22.9,1.0,19.3,1.3,0.6517791950906155,-0.2624506548675165,-0.4015552648974032,22.896038262010457,17.7
27.9,22.9,17.7,2.0,20.0,1.3,0.22837114922203883,-1.5580431544956994,0.23942937387804836,23.210673014485554,25.5
22.9,17.7,25.5,3.0,21.2,1.3,-0.7644670692187214,-2.428997645839555,0.7876078975756549,23.518889042070715,21.6
17.7,25.5,21.6,4.0,18.8,2.3,-1.4151536501227184,-2.7631567972245357,1.1980927837343824,23.81774019520703,16.7
25.5,21.6,16.7,5.0,17.3,2.0,-1.5399686199314082,-2.5042580663628953,1.4463855580017209,24.10428032433565,20.6
21.6,16.7,20.6,6.0,19.7,2.0,-1.1131828065368108,-1.7647687936947296,1.5454664917933236,24.37556327989776,26.7
16.7,20.6,26.7,7.0,20.4,1.7,-0.2846925512390952,-0.7297941152057994,1.5171151533143692,24.628512504395967,30.4
20.6,26.7,30.4,8.0,21.5,1.7,0.7631298683375274,0.40716735465636184,1.3834539464915427,24.85970860461144,33.7
26.7,30.4,33.7,9.0,21.5,1.7,1.7927229097939794,1.4526170014442157,1.1657276653496593,25.066609797227144,38.8
30.4,33.7,38.8,10.0,22.5,3.3,2.6254527834535524,2.2130562107102416,0.8838309730357866,25.24802442980385,27.9
33.7,38.8,27.9,11.0,20.4,2.7,2.9777966283428157,2.4946338628509133,0.5577182041417368,25.403053683613603,21.0
38.8,27.9,21.0,12.0,17.4,2.3,2.1273597969366422,2.1674710690027994,0.20898782290038148,25.530798739928482,35.8
27.9,21.0,35.8,13.0,17.6,1.7,-0.4270352972059652,1.3628654406040048,-0.13947276523173174,25.630360780020535,13.1
21.0,35.8,13.1,14.0,16.6,2.7,-3.016053445055812,0.27749684045698814,-0.46454204578128505,25.700840985161882,16.4
35.8,13.1,16.4,15.0,15.7,1.7,-3.345001715569535,-0.8919548686357168,-0.7430985042748571,25.741340536624534,20.2
13.1,16.4,20.2,16.0,17.4,2.3,-1.8350385087455676,-1.9585798709649291,-0.9520206262390762,25.7509606156806,23.6
16.4,20.2,23.6,17.0,16.8,2.0,0.46172965097023017,-2.7745485391945075,-1.0681868972005526,25.728802403602113,30.8
20.2,23.6,30.8,18.0,18.3,1.0,2.4779241527889204,-3.201801293081696,-1.068519576797257,25.674010855772536,29.4
23.6,30.8,29.4,19.0,20.8,1.0,3.307881481262222,-3.0941857057784117,-0.9390120940035247,25.586709250306388,28.1
30.8,29.4,28.1,20.0,21.3,2.7,2.6593144294877566,-2.3314851756763035,-0.7012859434693975,25.470277544572987,19.8
29.4,28.1,19.8,21.0,19.4,1.0,0.7692954112622622,-1.0479001059876394,-0.3858586927360988,25.328898922227523,19.8
28.1,19.8,19.8,22.0,18.8,1.0,-1.843168166563196,0.44693786928219575,-0.023247909344734623,25.16675656692511,28.6
19.8,19.8,28.6,23.0,21.6,2.0,-3.2847223122415086,1.817548731959464,0.3560288391635481,24.988033662320916,22.0
19.8,28.6,22.0,24.0,19.6,3.0,-1.4555688944153187,2.783962614572366,0.7214539852475982,24.796913392070106,25.8
28.6,22.0,25.8,25.0,16.9,2.0,1.8018923110327487,3.2367609432339384,1.042509961366206,24.597578939827866,37.8
22.0,25.8,37.8,26.0,22.3,3.0,3.466787083070761,3.1055340477583533,1.2914499645195776,24.394213489249292,27.6
25.8,37.8,27.6,27.0,19.2,1.0,1.3509848261229354,2.371758418291499,1.454390621913591,24.190804422394592,19.5
37.8,27.6,19.5,28.0,17.5,2.3,-2.0869427987488174,1.2660166544260698,1.5315356139868457,23.990361114414306,18.5
27.6,19.5,18.5,29.0,20.2,3.0,-3.679882555269207,0.08186057425178461,1.526699474146623,23.7948666579358,25.8
19.5,18.5,25.8,30.0,21.3,2.3,-2.488510884273398,-0.9313709697587436,1.4440578354448108,23.60594304594179,22.5
18.5,25.8,22.5,1.0,19.8,2.0,0.9949168557606726,-1.69676256161442,1.2876823452440624,23.42531625710429,22.4
25.8,22.5,22.4,2.0,19.2,1.3,3.6359522599680085,-2.163898046993123,1.0616058347822055,23.254751086220054,23.3
22.5,22.4,23.3,3.0,21.4,1.7,3.241510602636125,-2.2940394458765465,0.7698611352970849,23.096012328085934,25.4
22.4,23.3,25.4,4.0,20.7,1.3,0.7307038466207184,-2.114335995880494,0.4177691507406989,22.9508647774987,15.5
23.3,25.4,15.5,5.0,18.5,2.7,-1.9943924598838756,-1.675716349392255,0.017632624516633014,22.82107322925515,19.7
25.4,15.5,19.7,6.0,20.7,1.7,-2.9862162099148972,-1.0379787885470115,-0.4095488139809862,22.70840247815212,23.6
15.5,19.7,23.6,7.0,21.2,1.7,-2.2336685886313106,-0.2692150149051721,-0.8405835111744729,22.61461731898637,19.6
19.7,23.6,19.6,8.0,19.8,2.7,-0.45547917242430797,0.5379870701085879,-1.2521891945889758,22.54148254655472,18.5
23.6,19.6,18.5,9.0,17.7,2.0,1.2554309974698454,1.2849381698278597,-1.6210835917496205,22.490762955653985,20.8
19.6,18.5,20.8,10.0,17.5,2.0,2.0405242846306204,1.8729489875862302,-1.9239844301815332,22.46422334108094,24.8
18.5,20.8,24.8,11.0,20.1,1.7,1.8386693653890087,2.2180144820194583,-2.1376094374098398,22.4636284976324,28.6
20.8,24.8,28.6,12.0,22.2,1.3,0.7801452414155853,2.299493008229445,-2.2429528816889674,22.49074322010517,17.9
24.8,28.6,17.9,13.0,20.4,1.7,-0.6936301256383601,2.132746894298865,-2.2400825877933337,22.54648548025039,15.6
28.6,17.9,15.6,14.0,18.7,2.0,-1.6044063838115938,1.7490217101625956,-2.14110132094157,22.62827478293944,19.9
17.9,15.6,19.9,15.0,17.7,2.0,-1.0226741010617022,1.1919474212550674,-1.9596345411671277,22.73223911120992,26.7
15.6,19.9,26.7,16.0,19.4,1.3,0.5904687138664041,0.5434347084147355,-1.7091965338064805,22.85439527340238,19.5
19.9,26.7,19.5,17.0,18.6,2.0,2.0540550936418343,-0.10503556866909848,-1.403301584195986,22.99076007785734,26.7
26.7,19.5,26.7,18.0,18.3,0.7,1.6578553295918699,-0.6939313613098306,-1.0554639776721095,23.13735033291534,23.3
19.5,26.7,23.3,19.0,18.4,1.0,-0.6869993635792941,-1.2863734974936243,-0.6791979995712716,23.29018284691695,15.0
26.7,23.3,15.0,20.0,19.3,3.3,-3.099371756081551,-1.9568621468555398,-0.2880179352298789,23.445274428202694,17.6
23.3,15.0,17.6,21.0,17.1,1.3,-3.6317142186655946,-2.774755111692084,0.10456193001562115,23.598641885113096,21.9
15.0,17.6,21.9,22.0,16.4,1.0,-1.6811324387777002,-3.7515647228143076,0.48502731082880823,23.746302025988733,18.9
17.6,21.9,18.9,23.0,18.3,2.0,2.1810945804454085,-4.667421425091082,0.8398639218732799,23.884271659170118,26.0
21.9,18.9,26.0,24.0,20.9,1.7,5.1051645020684315,-5.244610191905693,1.1555574778125708,24.008567592997828,29.4
18.9,26.0,29.4,25.0,24.0,3.0,5.057191999328404,-5.233235163174412,1.4199773979836465,24.11520663581236,18.4
26.0,29.4,18.4,26.0,22.7,2.0,1.47104076954001,-4.530042533187573,1.626527920416862,24.20020559595429,17.6
29.4,18.4,17.6,27.0,22.9,0.7,-3.0118001413236417,-3.2010592157369273,1.7699969878159179,24.25958128176415,22.2
18.4,17.6,22.2,28.0,22.2,1.3,-5.986430487598422,-1.3476775128565446,1.8451725428845636,24.289350501582472,26.4
17.6,22.2,26.4,29.0,20.1,1.0,-6.409930343153325,0.92015100408974,1.8465845030785344,24.285788088997762,19.2
22.2,26.4,19.2,30.0,20.1,1.0,-3.9230965732475087,3.373765767978038,1.7667407753653022,24.24719088808681,26.0
26.4,19.2,26.0,31.0,20.2,1.0,0.28625233692105323,5.438059268593023,1.5939316034783402,24.176073406160423,30.0
19.2,26.0,30.0,1.0,20.7,2.0,5.525647134823757,6.453452077278835,1.315457321654569,24.075940060025932,45.5
26.0,30.0,45.5,2.0,22.5,1.0,5.948965339485864,5.823681987333954,0.9286270296066621,23.950295266490706,18.6
30.0,45.5,18.6,3.0,21.5,1.0,-0.7361565856501905,3.4208325928540484,0.470784888950511,23.802643442362072,17.3
45.5,18.6,17.3,4.0,22.8,1.7,-5.299262850249742,0.04061236181132925,-0.010716173222262437,23.636489004447345,21.0
18.6,17.3,21.0,5.0,18.4,5.0,-4.242840135680108,-3.2862800331939983,-0.46852322981996025,23.455336369553876,14.1
17.3,21.0,14.1,6.0,17.6,3.3,1.4394165569222688,-5.5175937387997145,-0.8552833537509069,23.26268995448897,17.5
21.0,14.1,17.5,7.0,19.7,1.3,4.32088471101981,-5.8635685533119215,-1.1236436179235259,23.062054176060027,23.5
14.1,17.5,23.5,8.0,21.9,2.7,2.6470841386349955,-3.9436479039912977,-1.2366596004534787,22.85693345107432,15.9
17.5,23.5,15.9,9.0,19.9,1.0,-1.5007914902050514,-0.7514117819335681,-1.1991521009759367,22.65096339702908,17.1
23.5,15.9,17.1,10.0,19.7,1.7,-3.8275614703430616,2.387472453275241,-1.0269766969800027,22.4484059040681,27.7
15.9,17.1,27.7,11.0,19.8,1.0,-2.595108809077048,4.481717062905515,-0.7365285873713481,22.254062483751703,27.0
17.1,27.7,27.0,12.0,22.3,1.7,0.9739581595815174,5.197668157490755,-0.34431460565593197,22.07284628224052,24.8
27.7,27.0,24.8,13.0,22.4,1.3,3.9613230878194012,4.36253065774947,0.12472571562128851,21.90967298687344,27.7
27.0,24.8,27.7,14.0,21.5,1.7,4.0149167146253255,2.013602375647554,0.6119322124720087,21.769458284989312,29.3
24.8,27.7,29.3,15.0,20.2,1.7,1.3676564901051844,-1.0932587782823417,1.050214563047207,21.65711786392702,14.6
27.7,29.3,14.6,16.0,21.7,1.0,-2.512328560557592,-4.00725902774314,1.3724824454978537,21.577567411025445,6.7
29.3,14.6,6.7,17.0,17.5,2.0,-4.579742008751607,-5.7729636949477126,1.5116455379748328,21.535722613623467,17.7
14.6,6.7,17.7,18.0,18.1,1.0,-2.546545252238917,-5.681885441056333,1.418018465443878,21.53454517416634,25.2
6.7,17.7,25.2,19.0,21.0,1.3,1.7658391651726102,-4.015315188245041,1.1135245453560954,21.569180855524824,29.4
17.7,25.2,29.4,20.0,21.5,1.0,5.4636241689734435,-1.3094468185433035,0.6454476628833495,21.63282143567609,25.6
25.2,29.4,25.6,21.0,18.8,1.3,5.579468453695818,1.8975235252545803,0.06306060842396537,21.71865869259727,30.1
29.4,25.6,30.1,22.0,20.2,0.7,0.9618986174527601,5.047585269104566,-0.5843638276236516,21.819884404265498,27.3
25.6,30.1,27.3,23.0,19.4,1.3,-4.3883694239375295,7.5036704470407,-1.2475528548611452,21.929690348657946,18.0
30.1,27.3,18.0,24.0,15.7,0.7,-6.768916118390637,8.60895008400121,-1.877233682890202,22.04126830375177,19.8
27.3,18.0,19.8,25.0,16.1,2.0,-4.272488131030196,7.9158202643434405,-2.4281885215781243,22.14781004752407,27.2
18.0,19.8,27.2,26.0,18.2,2.0,1.0324198988321327,5.813577310101341,-2.871419581855244,22.242507357952043,34.2
19.8,27.2,34.2,27.0,18.1,2.0,6.222629177736332,2.900742602728044,-3.181984074917581,22.31855201301282,32.3
27.2,34.2,32.3,28.0,19.8,2.3,8.757870976528567,-0.24747742919200674,-3.3351952599013015,22.369391838623688,16.3
34.2,32.3,16.3,29.0,16.4,2.7,8.128614398644961,-3.203784606016584,-3.3086181996895547,22.39072646444892,16.22
32.3,16.3,16.22,30.0,14.1,1.3,5.10818307970825,-5.782789450841098,-3.0849858107805046,22.383423373767798,16.14
16.3,16.22,16.14,31.0,14.7,2.0,1.0827748560449268,-7.853750924228157,-2.6482640525748202,22.349583092762145,16.06
16.22,16.14,16.06,1.0,15.3,1.3,-2.9308109983135346,-9.285927986740367,-1.98242024220224,22.291307505342804,15.98
16.14,16.06,15.98,2.0,18.5,1.7,-6.502960250450352,-9.94520799827099,-1.0747932974617984,22.210698495420562,15.9
16.06,15.98,15.9,3.0,20.9,1.0,-9.292598827597095,-9.665678410516326,0.055477955650481706,22.109857946906267,15.82
15.98,15.9,15.82,4.0,20.8,1.7,-10.776191496190135,-8.262831975824474,1.3126290683911206,21.990887743710765,15.74
15.9,15.82,15.74,5.0,19.0,0.0,-10.421090769659754,-5.835480344011178,2.582582086497159,21.85588976974486,15.66
15.82,15.74,15.66,6.0,22.4,1.0,-7.884722784977329,-2.8185009258526685,3.7512590557056305,21.70696590891939,15.58
15.74,15.66,15.58,7.0,23.8,2.3,-3.4912389319729793,0.28372015848453125,4.704582021753562,21.546218045145164,15.5
15.66,15.58,15.5,8.0,18.7,1.0,1.5589118268461386,2.9667967888338835,5.328473030377963,21.375748062333034,25.4
15.58,15.5,25.4,9.0,16.5,1.3,5.76506074549383,4.7263428450288485,5.508359843314746,21.198152128394955,29.4
15.5,25.4,29.4,10.0,18.1,1.0,7.843748422195091,5.04130259350071,5.143194250181316,21.019171996763554,46.8
25.4,29.4,46.8,11.0,15.9,0.3,5.933444840903395,3.610573884851191,4.2216093435951345,20.849717502937285,14.4
29.4,46.8,14.4,12.0,12.1,1.7,-0.7528243964347167,1.2629131073961164,2.8604231058888434,20.701866931930773,11.5
46.8,14.4,11.5,13.0,7.6,1.7,-4.757664826164696,-0.8862913127696376,1.2046244508523165,20.587698568758622,19.2
14.4,11.5,19.2,14.0,8.7,1.0,-2.8754655988388476,-1.92914602277625,-0.6007977077245524,20.519290698435448,16.8
11.5,19.2,16.8,15.0,8.7,2.0,2.741968568891061,-1.7580373052810334,-2.407933608014888,20.508721605975868,19.4
19.2,16.8,19.4,16.0,8.1,2.3,1.8382299713994739,-0.5276971796039102,-4.042563677050818,20.568069576394507,13.2
16.8,19.4,13.2,17.0,8.7,1.0,-1.5456640817425145,0.7699587859747227,-5.2579777349631724,20.709412894705974,17.4
19.4,13.2,17.4,18.0,9.1,0.7,0.08728661157371623,0.7614441155297589,-5.816160393046432,20.944829845924883,16.3
13.2,17.4,16.3,19.0,8.9,1.0,1.4926651382354361,-0.1742027436811595,-5.736117372669364,21.284043878287786,16.2
17.4,16.3,16.2,20.0,9.3,2.3,0.5150208317282406,-1.2626259537209183,-5.097842793175948,21.726415247229262,13.4
16.3,16.2,13.4,21.0,9.9,1.3,-0.9786965519692631,-2.066438489716931,-3.9967244697510664,22.265173988646804,17.8
16.2,13.4,17.8,22.0,9.5,1.0,-3.1468460330783454,-2.1992103431349017,-2.5658725376620977,22.892606292748095,13.6
13.4,17.8,13.6,23.0,10.3,1.0,-3.638286948899498,-1.287131145324852,-0.9532712223243919,23.60099834974091,22.0
17.8,13.6,22.0,24.0,10.2,1.3,-1.230673560921741,0.7420697760100184,0.6957353532564442,24.382636349832946,31.4
13.6,22.0,31.4,25.0,10.6,1.7,2.508516255035896,3.1763334120072195,2.23694032194366,25.229806483231947,46.6
22.0,31.4,46.6,26.0,10.0,1.0,5.583403124232779,5.114676079989684,3.526136816600483,26.134794940145635,52.4
31.4,46.6,52.4,27.0,10.1,1.0,5.889310803133725,5.65611409728036,4.4191179700901895,27.089887910781723,29.2
46.6,52.4,29.2,28.0,12.1,2.3,2.187444544887934,4.192369480443881,4.809823144777372,28.087371585347956,38.3
52.4,29.2,38.3,29.0,10.2,3.3,-3.1795693408388708,1.2859870430118228,4.745064966789767,29.119243808294097,36.2
29.2,38.3,36.2,30.0,10.9,2.3,-6.411380286227737,-2.2077827022424565,4.311462844930434,30.175841870895916,16.7
38.3,36.2,16.7,1.0,12.9,2.3,-6.500338777397778,-5.434779096944373,3.5979532143291224,31.245186038102528,15.1
36.2,16.7,15.1,2.0,12.8,2.7,-3.2347716537370546,-7.62693779460241,2.69397968025764,32.31478940472097,29.6
16.7,15.1,29.6,3.0,11.1,0.7,2.780725101418386,-8.34423188027649,1.6889837259713212,33.37216718757476,41.2
15.1,29.6,41.2,4.0,9.8,0.7,6.447741083506829,-7.21956023344547,0.6635845925087634,34.404845745834905,28.1
29.6,41.2,28.1,5.0,7.8,1.0,3.16748681637405,-4.1285616895566895,-0.3369057863851231,35.400414346489434,36.7
41.2,28.1,36.7,6.0,9.4,0.7,-3.946592817532538,-0.05000140596871302,-1.2773636523887901,36.347839332080376,34.8
28.1,36.7,34.8,7.0,11.0,0.7,-6.710101629557541,3.8110948137176504,-2.127459067876289,37.24088086584548,31.0
36.7,34.8,31.0,8.0,11.9,1.0,-4.147885966454984,6.606267160497561,-2.8582305047163232,38.074667520517124,52.3
34.8,31.0,52.3,9.0,12.5,0.7,1.2262964492333723,8.137464165705033,-3.4408280684790427,38.8444395025291,47.2
31.0,52.3,47.2,10.0,11.2,1.7,5.250769637816671,8.356305518458127,-3.8466537366182623,39.54568889019888,42.5
52.3,47.2,42.5,11.0,12.7,1.7,7.477853671235585,7.224197372167563,-4.057029170124706,40.174040981088055,44.8
47.2,42.5,44.8,12.0,13.0,2.0,8.353149119269235,4.818817299490043,-4.093621717643719,40.72632090324211,52.9
42.5,44.8,52.9,13.0,12.2,1.3,8.217531067593411,1.5550588919376662,-3.991823965581704,41.20329255817456,51.0
44.8,52.9,51.0,14.0,12.9,2.0,7.132106495430286,-1.9996530493614224,-3.7887202082568265,41.60741155531089,35.6
52.9,51.0,35.6,15.0,11.8,1.3,4.074378509082518,-5.260180727043513,-3.5215879606174862,41.941326724706755,32.4
51.0,35.6,32.4,16.0,12.6,1.3,-2.4947049600362954,-7.6416899212513885,-3.2277047376120915,42.20768689641782,10.2
35.6,32.4,10.2,17.0,9.5,2.7,-9.204914753494014,-8.559346412127958,-2.9443480541890152,42.409140900499715,22.6
32.4,10.2,22.6,18.0,7.8,1.0,-9.503329954160943,-7.534840168191139,-2.6995372921197465,42.54833756700807,27.1
10.2,22.6,27.1,19.0,8.0,2.0,-3.0309100525461017,-4.648678725157199,-2.4842593004684304,42.627925725998594,34.7
22.6,27.1,34.7,20.0,9.9,1.3,4.586308385076533,-0.6187770619100095,-2.280242795122177,42.65055420752688,48.2
27.1,34.7,48.2,21.0,11.5,1.7,8.48377356863179,3.7042290289684434,-2.0692238578900994,42.618879207570494,78.5
34.7,48.2,78.5,22.0,11.4,1.0,7.444436351794749,7.547633086324566,-1.8329680342689039,42.53558638579461,31.3
48.2,78.5,31.3,23.0,8.6,2.0,1.9336628393937345,10.466555329089694,-1.5532482356771755,42.40336876778629,25.1
78.5,31.3,25.1,24.0,8.9,1.0,-3.6154205047200256,12.158482725110275,-1.2118373735334813,42.22491937913259,27.6
31.3,25.1,27.6,25.0,7.7,1.0,-5.377263613224817,12.340088170311471,-0.7935849329633562,42.002931245420584,37.7
25.1,27.6,37.7,26.0,7.2,2.0,-3.7178104902003017,10.871342427151959,-0.29785451985706374,41.74011582540213,43.4
27.6,37.7,43.4,27.0,7.2,1.7,-0.6712418344739611,8.139259118621842,0.2640823824389237,41.43925831048821,63.9
37.7,43.4,63.9,28.0,9.1,1.0,1.8211013590122802,4.633556568292159,0.8787464646406505,41.10316232525475,39.5
43.4,63.9,39.5,29.0,12.3,2.7,2.2572780565564927,0.7329489752034533,1.5326584174642421,40.73463149427753,31.4
63.9,39.5,31.4,30.0,16.1,3.7,0.6650057749793615,-3.271014773019601,2.2123389316258417,40.33646944213241,40.2
39.5,31.4,40.2,31.0,8.1,1.3,-1.4666081350859255,-7.354449949473782,2.904308697841593,39.91147979339519,25.4
31.4,40.2,25.4,1.0,11.3,1.0,-1.108963045827155,-11.45665576348752,3.5950884068275712,39.462466172641754,34.1
40.2,25.4,34.1,2.0,9.7,0.3,0.806745492853466,-15.071430970200312,4.271206455469807,38.99222449827808,22.0
25.4,34.1,22.0,3.0,7.5,3.3,2.062100352631057,-17.507664433625504,4.919222065333127,38.503519864031176,33.3
34.1,22.0,33.3,4.0,9.0,2.0,1.2973354744466652,-18.273354187008554,5.525702164152388,37.99910965745823,35.0
22.0,33.3,35.0,5.0,10.4,1.7,-0.8138985292710711,-17.287241372081876,6.07389689519263,37.481751266116405,13.9
33.3,35.0,13.9,6.0,9.2,3.3,-3.1109910967704053,-14.565443140346305,6.533821475581779,36.95416986582093,21.6
35.0,13.9,21.6,7.0,5.6,4.0,-4.087961153267275,-10.206480523676813,6.872303184945893,36.41896178541915,51.8
13.9,21.6,51.8,8.0,6.9,2.0,-3.5162522236731317,-4.518337114190271,7.056257689234942,35.87863496743453,35.8
21.6,51.8,35.8,9.0,9.7,1.3,-1.4097939966915018,1.7767667296775924,7.052724925515954,35.335573083273445,34.3
51.8,35.8,34.3,10.0,9.9,2.0,1.293017334312921,7.859085258086435,6.828298896135283,34.792605739062964,35.0
35.8,34.3,35.0,11.0,8.7,2.7,3.6295979631617765,12.90887272119591,6.349071574393299,34.25306456997613,62.8
34.3,35.0,62.8,12.0,8.3,1.0,5.453833493709793,16.10638336916572,5.581034533131735,33.720381611644626,82.2
35.0,62.8,82.2,13.0,8.2,1.7,5.477337194836252,16.734158704118535,4.495847971773728,33.19798889970018,40.2
62.8,82.2,40.2,14.0,4.3,2.0,2.491034487245864,14.664442083855201,3.103257014320224,32.68931846977451,24.3
82.2,40.2,24.3,15.0,7.7,2.0,-1.7207315193884132,10.593975509441465,1.4803170843622098,32.197802357499356,13.9
40.2,24.3,13.9,16.0,9.7,2.0,-4.724025625491599,5.400053829768729,-0.280505976257265,31.726872598506485,15.0
24.3,13.9,15.0,17.0,5.3,3.3,-4.57120969441031,-0.04592793584019063,-2.0867463256950796,31.279961228427595,32.1
13.9,15.0,32.1,18.0,0.9,2.3,-1.9173994218186947,-4.9115473357470405,-3.8459381221081044,30.860500282894417,16.7
15.0,32.1,16.7,19.0,3.1,3.3,1.7225819789208154,-8.430406741636542,-5.465615523653245,30.471921797538677,9.3
32.1,16.7,9.3,20.0,6.3,4.3,3.2975646629982895,-9.819879539561565,-6.853312688487411,30.117657807992142,16.1
16.7,9.3,16.1,21.0,3.2,3.0,0.6524956962697356,-8.550117235069717,-7.924815938111443,29.801140349886488,17.8
9.3,16.1,17.8,22.0,0.6,2.0,-2.6892375486116764,-5.5218961278445455,-8.636931599506179,29.525801458853493,10.7
16.1,17.8,10.7,23.0,0.1,3.0,-2.7762008868517625,-1.9851598519074969,-8.986763571412812,29.295073170524866,23.8
17.8,10.7,23.8,24.0,0.1,2.7,0.16129876143247424,1.1953257076053045,-8.979228163528976,29.1121885793847,32.1
10.7,23.8,32.1,25.0,-0.4,2.0,3.021356024387823,3.3161381957142266,-8.617873082739317,28.97901217710401,21.9
23.8,32.1,21.9,26.0,0.7,2.7,2.921714453852323,3.8498892233057154,-7.903755741891768,28.89491816131719,23.6
32.1,21.9,23.6,27.0,4.0,3.0,0.4771605402645976,2.972987389365904,-6.852614532704818,28.858707891436254,26.1
21.9,23.6,26.1,28.0,3.6,2.7,-2.5667331731022065,1.281673234605265,-5.548247229065754,28.869182726873287,27.1
23.6,26.1,27.1,29.0,1.4,3.0,-4.278030740815416,-0.5364792901697675,-4.117881877143202,28.925144027040265,21.4
26.1,27.1,21.4,30.0,5.6,3.0,-3.3444608354743615,-1.8678840456730983,-2.688772736434938,29.025393151349316,21.5
27.1,21.4,21.5,1.0,8.5,2.7,-0.31230876777887534,-2.4524789486969314,-1.3555260538423863,29.16873145921243,22.2
21.4,21.5,22.2,2.0,7.4,3.3,3.2926828228834544,-2.2402693402346787,-0.17597445325456915,29.353960310041668,43.0
21.5,22.2,43.0,3.0,3.1,1.3,5.616505507681767,-1.256457234682883,0.8424261707577199,29.579881063249093,39.4
22.2,43.0,39.4,4.0,3.7,1.7,5.133038456035509,0.4544620053939177,1.7036700032723204,29.845295078246743,28.9
43.0,39.4,28.9,5.0,5.0,0.7,1.9675062716444898,2.732125078028057,2.411751229366991,30.149003714446653,37.9
39.4,28.9,37.9,6.0,5.7,1.7,-2.4200815087503726,5.064777852689234,2.9706640341196024,30.48980833126088,43.6
28.9,37.9,43.6,7.0,4.7,1.0,-5.797930415946758,6.833898938551123,3.3844026026078917,30.86651028810146,28.3
37.9,43.6,28.3,8.0,2.2,2.0,-5.849101978465984,7.535630970283095,3.657069952811311,31.27780211147883,48.5
43.6,28.3,48.5,9.0,2.2,2.0,-2.517393912242085,7.138835418276531,3.794424726699846,31.72194099629688,52.0
28.3,48.5,52.0,10.0,0.9,1.3,1.937441079871578,5.698024300797145,3.808958500116124,32.197075304557785,35.2
48.5,52.0,35.2,11.0,3.3,2.0,4.443471234296772,3.2525282491384675,3.7213548670265846,32.70135339826385,49.3
52.0,35.2,49.3,12.0,2.6,2.0,3.3254502021482097,-0.022368546906449297,3.554040352832718,33.2329236394173,29.6
35.2,49.3,29.6,13.0,2.2,2.0,0.536886628732619,-3.4005959378069264,3.3296975084977976,33.78967836445851,21.3
49.3,29.6,21.3,14.0,0.2,3.3,-1.6779317384538512,-6.0183872840976615,3.0721441972379306,34.36837459757505,20.8
29.6,21.3,20.8,15.0,-0.5,4.0,-1.530024752759061,-7.335497352161664,2.8058991478522657,34.96506849737148,37.3
21.3,20.8,37.3,16.0,1.6,2.3,0.2283427794097038,-8.099399765919594,2.55559229914519,35.57570501244711,33.1
20.8,37.3,33.1,17.0,3.1,2.7,1.013214565411961,-9.318712389711324,2.345665823729778,36.19641685759247,24.7
37.3,33.1,24.7,18.0,3.1,1.3,1.0304138200846935,-11.718873146460982,2.199810829454485,36.82408781236283,27.8
33.1,24.7,27.8,19.0,1.6,1.0,1.086151222262805,-15.318416681012135,2.1415306579765483,37.45578942250471,21.1
24.7,27.8,21.1,20.0,2.4,1.7,1.1882823553317505,-19.22296441850187,2.1943286509530333,38.088593233764584,14.8
27.8,21.1,14.8,21.0,4.0,2.7,-1.238702797001582,-22.22185978386686,2.3817081500412347,38.71957079188897,16.8
21.1,14.8,16.8,22.0,5.1,2.7,-4.709473222269262,-25.010523049304453,2.727131690184755,39.34583444933789,9.2
14.8,16.8,9.2,23.0,2.6,3.7,0.44439162175024755,-28.20611210925377,3.2538985794729056,39.964659785425724,31.6
16.8,9.2,31.6,24.0,-1.3,2.3,9.604938084218187,-30.036126471583167,3.985267319281488,40.57336318618032,15.6
9.2,31.6,15.6,25.0,-1.1,1.0,6.019992194477805,-28.46507329126974,4.934344560804737,41.16926103762953,14.8
31.6,15.6,14.8,26.0,-1.0,2.0,-7.5428903777731735,-22.795148698296,6.073629554510054,41.74966972580132,29.4
15.6,14.8,29.4,27.0,-1.6,2.0,-16.688388075955153,-12.6242786406146,7.365469700683535,42.311905636723466,37.6
14.8,29.4,37.6,28.0,-1.8,1.7,-10.21849430763941,2.0004917474127577,8.772212399610947,42.85328515642398,67.3
29.4,37.6,67.3,29.0,-1.8,1.0,5.623001970072764,18.655254199065865,10.256205051578243,43.37112467093063,120.9
37.6,67.3,120.9,30.0,-3.0,1.0,19.813037761712962,34.312211558089714,11.779795056871306,43.86274056627135,120.5
