0,0,0,0,0
-13.127758071958873,-21.084778462044234,8.035951372952832,-13.127758071958873,18.0
-18.32917897299942,-25.850196359315397,3.4597999896134377,-18.32917897299942,13.0
0.888144065315768,-5.979778243925102,17.880610646335608,0.888144065315768,14.7
46.50008039242958,41.48601879673779,48.152938718816216,46.50008039242958,40.1
98.9524459459013,98.29287277012409,100.81113073643094,98.9524459459013,72.2
137.39825306066712,137.44951972788786,147.0093552295363,137.39825306066712,160.4
127.34777991361649,133.56343213063283,118.33558622571606,127.34777991361649,130.1
83.00976161420304,77.86702792361066,68.39397074700967,83.00976161420304,70.5
66.24321876382115,61.82289896006332,71.91367250739613,66.24321876382115,81.9
48.23393172246014,46.249697477904554,44.218621341439885,48.23393172246014,29.3
48.64489088402523,37.37480918322253,41.567327493047415,48.64489088402523,37.3
85.61548165334058,85.61008648793123,75.61867521365204,85.61548165334058,60.6
112.15306387313234,116.12637501042119,119.49573135417172,112.15306387313234,120.9
104.83549627196524,117.31919323859748,114.16627990961034,104.83549627196524,130.7
62.26084836553899,71.71406345207234,53.850993459361405,62.26084836553899,40.4
27.6141819509743,29.21408302769523,24.86638870850551,27.6141819509743,24.1
27.172781014605224,31.34316392967721,24.197496901699832,27.172781014605224,31.6
27.940616163140398,25.979904113565134,13.967117040973744,27.940616163140398,14.7
69.68308786058925,66.9474051621518,48.510810142168395,69.68308786058925,34.9
133.95508374033707,135.92247224816575,123.69087153612695,133.95508374033707,137.6
134.38799004764908,140.75278250119428,172.74915379646686,134.38799004764908,182.8
104.77036626176857,104.50883649160951,115.37416258031801,104.77036626176857,110.5
148.77918235520886,147.4372205613694,158.9016254703645,148.77918235520886,146.6
242.35721826658425,259.8455121875917,285.1814430253903,242.35721826658425,312.0
220.5877751861416,246.52851940777091,160.41461020330019,220.5877751861416,135.7
86.9316821556437,77.26172199865451,92.11535624509902,86.9316821556437,95.2
17.02103480231043,22.626559373016242,25.401455727106928,17.02103480231043,22.9
18.207501477270227,9.587006167941036,13.805527889731597,18.207501477270227,16.7
44.76531602675671,44.02364356162561,31.172446880488785,44.76531602675671,27.7
55.851681080396844,54.090133788774345,38.454332378433925,55.851681080396844,26.5
55.72607464732465,54.71681561484083,38.964779598123336,55.72607464732465,21.0
55.80483463253336,58.34884499816362,44.445755289753464,55.80483463253336,19.7
63.312840160114035,67.301926660943,59.97140346359459,63.312840160114035,84.1
52.83594583461007,65.7551620733515,77.50822689337664,52.83594583461007,82.3
26.425917898414188,30.294610608495894,28.068826919895397,26.425917898414188,27.1
30.24291008377733,34.69446313456174,19.425639334914262,30.24291008377733,13.5
57.81261504424826,62.33227058755792,40.34491559251703,57.81261504424826,25.2
59.61825565429743,60.576760148606716,58.92159801412238,59.61825565429743,64.3
37.04630595467893,37.71337165654713,45.10895719928965,37.04630595467893,59.1
21.857384120132885,16.709503604363725,23.65467364026383,21.857384120132885,15.2
43.15922384635424,37.64470136057607,39.866979683538275,43.15922384635424,61.6
63.92948544542419,67.4286639943115,68.16841172850093,63.92948544542419,77.2
50.2028451503448,47.65636085571477,48.24287980504576,50.2028451503448,47.6
45.94471034789059,41.70758020061148,45.55261177771352,45.94471034789059,42.0
58.341477249756934,59.362324015306875,60.02630381665587,58.341477249756934,71.1
60.1622693530951,61.39420120260447,63.527769025328084,60.1622693530951,48.5
55.73578995276509,50.996174737075215,54.310778756570585,55.73578995276509,59.4
49.514946327072096,49.80418729296016,52.15626456779358,49.514946327072096,57.5
31.825701847865847,29.190009089979775,32.76419529581635,31.825701847865847,36.4
22.64060758228233,20.426394406908365,23.775343654633005,22.64060758228233,16.9
33.440190519544885,31.992154977495737,31.435832973067182,33.440190519544885,49.3
38.50781446740288,40.22006801568195,41.492964014666114,38.50781446740288,22.5
33.593448727386274,28.69504118447903,31.70324934625412,33.593448727386274,20.4
41.38789600395839,40.88725371281716,37.466351271723575,41.38789600395839,25.5
42.79766205692424,41.03839434405008,40.79958941558201,42.79766205692424,37.9
35.571463590729294,34.85389148174627,36.88978951263584,35.571463590729294,41.9
30.47611432868275,30.178023111125547,33.42868193479046,30.47611432868275,42.7
34.93030422374209,35.35847473643198,36.714751630517625,34.93030422374209,33.6
44.14622283005269,45.24915451381721,45.82252149760728,44.14622283005269,34.4
50.63677053941251,51.62733986778394,53.411350507846045,50.63677053941251,58.3
44.59455768364464,44.7950113842975,49.32263708414235,44.59455768364464,54.1
43.16822420447892,41.54763653189493,45.98500304922599,43.16822420447892,42.0
68.29861506754892,69.95721742045853,74.0300097363192,68.29861506754892,103.5
85.39673365233514,92.95327180661926,85.31510919929731,85.39673365233514,91.1
61.66002026623427,62.299377639754674,52.66534602960867,61.66002026623427,55.6
47.56094550968692,49.77826310016953,56.71527352349918,47.56094550968692,56.3
35.523775535085875,37.459642465747855,37.80682752851392,35.523775535085875,34.7
25.06464861154551,23.77462635766087,24.687106622293825,25.06464861154551,22.6
31.566749458696147,32.78502321403621,27.68091221231315,31.566749458696147,31.2
38.08401881455508,41.235358986348636,37.28769641774292,38.08401881455508,41.2
34.58580077431009,38.10795398787777,35.644540630409395,34.58580077431009,30.9
33.0366588809762,35.991927966512684,31.569215338195114,33.0366588809762,34.3
38.043638215079284,43.85210481426193,39.431077404429814,38.043638215079284,39.3
40.21094484791763,44.20919213660127,41.715342161422285,40.21094484791763,48.5
35.49245243111329,38.83575447103967,37.138569729905605,35.49245243111329,42.4
29.684422130142543,30.055995085346602,31.893116858110186,29.684422130142543,27.4
32.878547055746296,31.880486251846285,31.44889156974712,32.878547055746296,24.0
42.943527803963136,41.89334569266148,38.495025281191346,42.943527803963136,47.1
48.55153783583556,47.70846506638181,54.339396493708605,48.55153783583556,63.7
51.04114991892885,49.952934489049674,56.43066394910505,51.04114991892885,55.2
69.1922085815778,69.36099003372138,71.16231411861897,69.1922085815778,60.5
83.87367734157908,87.02816353051267,89.49305202772258,83.87367734157908,96.4
55.482893162474966,61.10515677147887,49.930123554773175,55.482893162474966,20.3
21.863130381505524,14.825908188104586,23.885648395101512,21.863130381505524,24.5
18.99283903941182,23.132845092108163,16.231746950623744,18.99283903941182,32.8
10.98811222196887,9.047102153318429,14.819259101424585,10.98811222196887,21.1
10.511767256345244,10.293827731538295,12.516883246877093,10.511767256345244,16.6
28.538137844069116,30.158377758769255,26.758099294306888,28.538137844069116,21.0
37.216392194828046,39.48045336362215,36.52517431273309,37.216392194828046,26.6
33.49637142876642,34.32056491019048,33.238830949724516,33.49637142876642,30.6
24.846926034269153,24.669240095648455,25.771658117217708,24.846926034269153,24.2
22.708390498612786,21.68086317102088,23.354281722316014,22.708390498612786,19.2
30.168940773716585,28.812722496233754,29.066765430393666,30.168940773716585,36.8
32.684322918555864,33.65320228870396,35.32502117765347,32.684322918555864,42.5
29.535742743383178,27.241938567732085,30.092219955049654,29.535742743383178,46.1
25.298431771952156,24.63661851131055,26.48906022848394,25.298431771952156,41.6
24.14356372206506,22.559947514971462,24.556130649072518,24.14356372206506,20.9
32.541513220159246,29.280958869636287,30.0350383942775,32.541513220159246,23.9
43.02974906558488,44.36395743944595,42.104262298818846,43.02974906558488,48.5
40.49528326682979,40.733155810230436,42.21984095980889,40.49528326682979,45.5
26.85945949279311,24.481943123758263,26.124916787452527,26.85945949279311,21.2
23.65967871043324,23.215166756517554,23.84950051905468,23.65967871043324,19.0
27.3484046724744,28.74669364174715,25.605275407192956,27.3484046724744,30.9
25.24407559623497,24.72427265303636,25.803149462496204,25.24407559623497,24.4
29.997192011166774,27.895837041335334,29.948270291707825,29.997192011166774,31.8
45.540710881238354,46.802354720561105,46.22793498055157,45.540710881238354,41.0
56.868733713323564,58.98832195014838,60.0475201838363,56.868733713323564,63.7
53.75106885734381,55.29795429941114,52.511895103374144,53.75106885734381,39.0
35.911549315742874,33.18872407352355,36.83596841235632,35.911549315742874,37.6
27.549869676871914,27.092650483878877,23.844916962219266,27.549869676871914,24.3
31.925031680869658,29.28341158294497,30.250239990937217,31.925031680869658,38.8
41.21860148330201,41.53608916824296,41.290942575841484,41.21860148330201,41.7
40.78676736164627,40.98136767522228,43.31041224578796,40.78676736164627,41.0
43.67701614198762,45.11267445224157,46.602960402718736,43.67701614198762,48.5
45.23594001438393,48.64505971743292,49.22680266803782,45.23594001438393,53.7
38.287635136514,42.88437914454189,41.54600853585252,38.287635136514,45.4
30.735231982916147,33.68179115078774,34.04741666443065,30.735231982916147,30.4
28.96717643163787,29.838270097099574,28.4508289655643,28.96717643163787,31.0
25.864151278907453,26.870997083003566,25.036236184308866,25.864151278907453,18.8
31.75694651425046,28.841475583490045,26.875810013131947,31.75694651425046,35.6
49.04308490483376,49.338930796416115,49.44008113334714,49.04308490483376,55.4
68.26766748565062,69.5192936312973,71.21564600165857,68.26766748565062,86.1
71.56281553844931,75.93604048839725,65.37117360768377,71.56281553844931,72.3
59.45644670132735,59.57860685322148,58.98359908237161,59.45644670132735,61.0
50.88503017560221,51.80963252940946,54.989557206751826,50.88503017560221,53.7
40.94571266401286,40.58239626062632,41.997992457391625,40.94571266401286,31.7
39.31864259571604,36.820257461396885,35.62139882370014,39.31864259571604,25.4
46.901898186661114,46.98978507509664,41.53883529281344,46.901898186661114,41.8
47.21958018470167,48.050722937507,50.72057315341389,47.21958018470167,50.8
34.70090235309015,36.422170042716424,38.52513380482713,34.70090235309015,47.7
27.588452381253628,27.8807451901961,30.019270772763225,27.588452381253628,33.2
28.29283164560359,28.553781468672604,29.743215774235,28.29283164560359,25.3
32.564318684215266,34.01740906379418,33.25882988045576,32.564318684215266,36.5
28.869477141124847,30.12466360557837,31.02197954162574,28.869477141124847,33.8
19.417423687757264,17.876113317900852,21.095059011011422,19.417423687757264,27.9
16.656466532748798,15.326835317093265,17.916501966703507,16.656466532748798,24.3
18.698846931565996,17.48218874797103,18.75499950844648,18.698846931565996,18.9
23.15374589683757,20.647571925484634,21.422708558369624,23.15374589683757,15.6
26.04776002927011,26.427974493475084,24.12526960769889,26.04776002927011,23.5
29.86883258444967,29.323448360314295,27.56781090120034,29.86883258444967,29.7
25.673045239848587,24.730623479679615,25.128418881878517,25.673045239848587,29.1
19.45774725471242,18.40847812554457,19.254524774983803,19.45774725471242,25.7
12.866516779420685,12.974410789296963,13.718913652932555,12.866516779420685,11.6
13.87713507540344,12.066204331733298,13.643222778382569,13.87713507540344,19.3
17.75191644889544,16.66664227515016,15.642141545457665,17.75191644889544,13.9
18.480172553680568,16.569491449987616,17.699158514186394,18.480172553680568,15.4
22.205995396048372,22.739589292395884,20.538942275266933,22.205995396048372,23.4
22.988592619976654,22.552090009017228,20.56077244423939,22.988592619976654,23.2
19.011909187768563,17.605829331280482,17.360917804117847,19.011909187768563,17.7
18.82623261747536,16.231042879008918,17.489972306864523,18.82623261747536,18.0
20.97184414017026,18.902629949025503,19.788813192279818,20.97184414017026,19.7
19.970043251534587,17.51030454427964,18.719106474885272,19.970043251534587,14.8
17.808947386061433,15.245194348649557,16.268494257913225,17.808947386061433,16.3
17.536937378373345,16.215815207405647,15.84975351652085,17.536937378373345,14.8
20.154765524698664,17.733917805445934,18.09840818783919,20.154765524698664,15.3
23.842326114501777,22.26035322039788,21.385395171010543,23.842326114501777,24.1
25.64950691006305,24.13808522961417,24.508860704472564,25.64950691006305,19.2
26.10257246081634,23.93331678384802,24.876758234683308,26.10257246081634,20.2
31.456274236183027,30.295006299003852,29.414574154200192,31.456274236183027,22.3
35.78137046626087,34.61345646204713,33.995589222178786,35.78137046626087,27.1
38.16001089570511,37.584513821933704,37.27958407379268,38.16001089570511,31.0
38.912353410719334,38.335352598307416,38.21649495967399,38.912353410719334,43.7
34.62013287499402,35.11926374810459,34.225954840650985,34.62013287499402,44.9
25.94975116651098,25.558455804090407,26.473360493571555,25.94975116651098,24.5
25.131392808884744,23.08332332255454,26.923002821028213,25.131392808884744,35.2
25.874634703992612,26.48428367268584,26.178978747914677,25.874634703992612,19.6
25.135115910181838,23.102380829930233,25.911364984967552,25.135115910181838,35.6
32.771933110504406,33.56869521909689,33.89070782293682,32.771933110504406,30.1
36.13628960464284,34.75853213740984,36.145263150859826,36.13628960464284,41.3
34.838735633583845,36.007090141780644,35.5675669448223,34.838735633583845,40.6
26.963563619634847,26.30711768232927,28.685911845880582,26.963563619634847,26.2
24.341652678076205,24.35626581180386,25.53605461352912,24.341652678076205,22.3
31.911696566984524,31.47927130447956,30.627258666917257,31.911696566984524,26.9
35.85834070329071,35.97538820175409,36.82390659107175,35.85834070329071,37.6
31.489387722797602,32.684126351136364,33.337086829316846,31.489387722797602,31.1
24.63937947326417,24.189356900317215,26.427018251007745,24.63937947326417,23.1
22.023424247356665,22.779385340695534,22.26010680144531,22.023424247356665,19.1
21.86264131593909,22.272854130663653,20.706757036370014,21.86264131593909,19.7
19.255948909011032,20.831648809299075,19.342194582632057,19.255948909011032,17.8
18.85405802087001,19.766551798219005,20.065359335227583,18.85405802087001,19.0
19.378202144891812,20.334462654827938,20.339845548795207,19.378202144891812,17.5
20.67780684116227,20.81850746507316,20.79426811439779,20.67780684116227,22.0
26.2232359652201,26.870652122194677,26.436290202407513,26.2232359652201,30.1
31.806139729217932,32.25688739242346,33.08295346003486,31.806139729217932,32.0
36.33042543380731,36.2635747829926,37.75397920830392,36.33042543380731,36.3
40.02712877742171,39.72747355174388,41.95651182490703,40.02712877742171,43.8
38.25305761555481,37.90771338641448,41.19274363384133,38.25305761555481,35.4
37.927241532387555,36.34126202295979,40.804928552634216,37.927241532387555,42.5
39.468974402179114,40.28604478760749,42.414090424216646,39.468974402179114,47.5
34.235547373033555,34.47840708141975,37.305855274202386,34.235547373033555,40.3
28.17439083846871,27.858239549677272,31.629790602383533,28.17439083846871,34.4
25.41312938427063,26.29896055847953,27.580315798217875,25.41312938427063,25.7
24.172968383847984,24.792055057751348,24.751830682244435,24.172968383847984,19.1
23.83543860010376,25.372856191139043,22.788422020562336,23.83543860010376,13.7
25.22088686805147,26.999323454112435,22.680570974198346,25.22088686805147,19.5
26.586329433072187,28.647958253415617,26.134176652652442,26.586329433072187,30.5
23.9660899434698,25.31484182905674,25.908796859813968,23.9660899434698,17.9
26.108394093253533,25.385349148801104,25.97043910830742,26.108394093253533,19.9
33.95579604297697,34.85176992110282,32.237775801796545,33.95579604297697,36.0
31.667621060262622,32.660499387814205,33.6019759081533,31.667621060262622,32.5
26.488549107721234,25.057518708140513,29.528089228832904,26.488549107721234,25.9
32.586495560806355,32.132023030740264,33.57909989399137,32.586495560806355,43.4
39.28378782436906,40.2960644624035,40.02003319391838,39.28378782436906,33.8
33.42804326154673,32.49320769777537,34.66319485248913,33.42804326154673,34.0
24.890426967010466,25.268138226562222,26.789345282136587,24.890426967010466,20.8
21.29732679907554,19.821018313770445,23.28892170320916,21.29732679907554,22.2
27.91244708800182,28.07401189211,27.869834093466086,27.91244708800182,32.9
31.24919624457464,31.90241238165313,32.536850528647534,31.24919624457464,30.2
30.553953468877115,31.532732224488107,31.457046893991304,30.553953468877115,28.3
32.853657766353116,33.70497533867128,33.18380560612109,32.853657766353116,36.7
25.920997061985336,26.273633957595756,26.90501696920049,25.920997061985336,17.1
19.636092440099606,17.59584715132805,21.696533059125606,19.636092440099606,22.0
21.15799697917479,20.797112413691274,20.0883392473012,21.15799697917479,24.9
14.798348562703284,14.018395973993757,16.440162707162376,14.798348562703284,17.6
13.37246564422027,10.868111648002378,13.731478176920202,13.37246564422027,8.6
20.686194298776034,19.44005889069981,17.930652884126502,20.686194298776034,27.6
27.689668380555794,28.581239960797483,27.889605240743343,27.689668380555794,23.7
28.18861405686252,26.47110058033413,27.27210636850957,28.18861405686252,26.1
30.735204001397943,31.031201073482087,31.28128027093667,30.735204001397943,30.1
29.44945280722992,29.386457105329463,29.80681027429569,29.44945280722992,29.9
24.738111773053305,24.96860842690048,25.5952155727075,24.738111773053305,24.6
24.544535844260384,23.55045344131681,25.058251520392517,24.544535844260384,26.9
23.4656079965644,23.420376183679217,24.170672372971406,23.4656079965644,19.7
25.110392325676337,23.19496939156479,24.426837423672197,25.110392325676337,18.3
30.258405218057735,29.174457927728916,28.565878773214575,30.258405218057735,21.1
34.32616109874327,33.103750708459664,33.098614098044976,34.32616109874327,33.2
31.809716517546466,32.05947569763557,32.073688598335266,31.809716517546466,39.7
24.97079916789884,24.774293411804727,25.615950008828825,24.97079916789884,22.0
25.83971243064752,24.061721064768925,26.66001828944095,25.83971243064752,38.5
29.482289940857186,31.08064300760625,28.86106375489616,29.482289940857186,22.4
22.225189764745664,21.475871874087623,24.09265026470775,22.225189764745664,22.0
19.940740795688885,19.92398533806263,19.591409096598074,19.940740795688885,21.2
18.567691498805676,17.310612426851,18.903321631495192,18.567691498805676,19.1
24.64689476391535,24.48766710713644,23.894942740409498,24.64689476391535,31.0
28.8991892905976,29.51408071152664,28.003321040473587,28.8991892905976,21.2
24.638541815617238,22.6990083077907,24.631394908798292,24.638541815617238,21.5
20.15067903956697,20.3176825590755,20.251533702682938,20.15067903956697,19.4
15.379021587272483,13.917730892434202,15.835814574590106,15.379021587272483,17.6
12.892255900007369,11.257610696482198,13.379372795647509,12.892255900007369,10.1
17.22790732197177,16.12037521757511,16.966887510175656,17.22790732197177,23.4
25.941354339768147,27.672932784469957,25.042793847836688,25.941354339768147,23.3
29.015794052819302,26.76093153521392,28.110908528363034,29.015794052819302,28.1
26.164856585121907,23.687436975345825,25.229666054470655,26.164856585121907,27.0
24.121821188675153,20.846014945273872,22.842046578218202,24.121821188675153,19.3
27.233329844196152,26.277373366481378,25.42502706834543,27.233329844196152,20.6
36.68500591204301,37.00530698222919,33.976635638271404,36.68500591204301,25.8
42.351827381997964,42.29576183506256,41.42142766042799,42.351827381997964,47.0
36.37029610615929,35.575803911874026,36.06651012592907,36.37029610615929,24.9
24.051021128877785,21.03840303256893,24.209305921594797,24.051021128877785,15.8
29.19612347951592,29.162699226330822,26.83341898525657,29.19612347951592,27.1
36.632568221379174,36.827290974469314,35.739373976278394,36.632568221379174,40.9
35.684867928862985,35.10571814658251,36.61934994998404,35.684867928862985,29.5
35.88620191076265,34.04221661925512,36.36154481116396,35.88620191076265,41.7
34.7903509358585,35.35483951269898,36.76757287375345,34.7903509358585,41.4
30.597371017241308,28.436946964008165,32.78070001906165,30.597371017241308,39.3
34.13498875791612,33.02396541422549,34.90677406259158,34.13498875791612,37.7
45.594006491199636,45.47882107387695,45.71733287902589,45.594006491199636,34.7
63.20855097845765,63.56938078507519,64.15897186273934,63.20855097845765,60.5
75.85625393409002,78.62491096700424,82.29031686537031,75.85625393409002,90.3
63.585456046415956,66.93121496076347,59.05962800855566,63.585456046415956,49.5
50.15832157010203,49.32687422052677,51.39276501847449,50.15832157010203,42.8
52.65814973252489,55.73104228446109,50.720689563380155,52.65814973252489,37.7
44.62966824538742,44.21184833910856,43.62250310182728,44.62966824538742,39.7
32.885051045864,32.450666647070555,33.999069765749425,32.885051045864,38.8
30.966740547290932,29.455264732812246,32.941011138764544,30.966740547290932,43.6
38.678334156969,39.09877447353656,41.003758386418816,38.678334156969,41.1
52.91169836211425,53.392024997735824,55.502451435221076,52.91169836211425,55.6
58.491476182519236,60.60549469370826,61.84805679170916,58.491476182519236,67.9
45.772378872023594,47.90222744130997,45.676655767031946,45.772378872023594,36.9
38.07615199682,35.8180773713947,38.950124949374384,38.07615199682,45.9
39.05972330299589,39.95749623703923,38.87016286301399,39.05972330299589,48.4
26.08433120693359,23.26212126969167,26.655889123316765,26.08433120693359,23.6
19.03237409766589,14.317705002263574,17.811587375136156,19.03237409766589,13.5
26.38310931347581,23.800907524264993,23.39745186854021,26.38310931347581,24.0
30.55047868029972,29.674643479638824,29.716177123279202,30.55047868029972,29.6
28.232357996220163,26.533218402566625,28.296681701495544,28.232357996220163,25.5
26.133788892291747,24.744160194882305,26.011053576041483,26.133788892291747,25.4
23.43387377908773,22.248512969771262,23.340478661757338,23.43387377908773,18.8
26.450182188348254,22.943348502909338,23.865605977058866,26.450182188348254,31.6
33.6552183736447,31.95603290381441,31.457484677442284,33.6552183736447,37.5
40.634602039170815,38.278482658234815,41.055650530167696,40.634602039170815,38.3
50.68123167879699,50.75615973305175,52.91755788328874,50.68123167879699,47.6
57.41695015089222,58.96564370508522,60.603112226158274,57.41695015089222,63.0
44.73508920590646,46.9363958098942,43.47661066506308,44.73508920590646,34.7
25.34310114191862,23.195531779247084,26.324923534538485,25.34310114191862,15.9
21.621214275201027,20.795917497259687,15.609025458587398,21.621214275201027,22.2
24.290962405113316,24.04720955691655,20.866558902634328,24.290962405113316,25.7
31.624843808285423,30.640415022292608,32.77821686749465,31.624843808285423,34.2
45.35124201474039,46.28688972479667,49.80525315881259,45.35124201474039,53.7
54.77129411383176,57.83396138870594,57.67346668615853,54.77129411383176,57.4
55.468749085808255,57.75353315404336,54.16037947644223,55.468749085808255,62.2
44.81889138892032,47.41921768221291,46.424647932624104,44.81889138892032,37.0
31.310544916021534,29.832428244340825,32.04994564059805,31.310544916021534,39.7
25.755842203260972,26.279565194752102,23.66783379011074,25.755842203260972,32.1
22.17900158547269,20.320444059861437,23.249680579386492,22.17900158547269,16.9
26.433178188698474,26.226511394480575,24.149253564854284,26.433178188698474,25.3
31.44942204499214,33.23639640728643,30.02068181045975,31.44942204499214,35.6
22.485134608269746,24.735334961913303,24.490332329067616,22.485134608269746,30.6
13.90043533210649,14.495351764545967,15.176136902532006,13.90043533210649,13.2
16.341764400837228,16.477247251299467,16.075153161015006,16.341764400837228,22.2
20.799744216856073,22.50027090979315,20.112501097799754,20.799744216856073,24.7
14.639685886054254,14.452696268045566,13.401111154947362,14.639685886054254,13.4
8.731423132401476,8.64663031011346,9.606301832585107,8.731423132401476,8.1
12.624457739304978,11.931743856313824,12.941490525740944,12.624457739304978,12.6
13.69898909372107,12.938250116168001,14.72774912496191,13.69898909372107,10.4
14.816145810960084,11.851124031196969,14.80361959376822,14.816145810960084,8.2
18.5083256143136,15.966655378086125,17.079819409499805,18.5083256143136,20.7
21.732826494986575,20.388818884773762,20.926426284701325,21.732826494986575,17.4
29.937397587625203,29.014542892151574,30.004328112580374,29.937397587625203,42.2
32.311354320969436,34.18406601264601,32.2708565076194,32.311354320969436,16.1
18.766647492641287,17.66592101736287,18.72413804299604,18.766647492641287,13.9
20.87691745831244,21.633399608273656,19.21423770630825,20.87691745831244,21.8
18.8228678975158,17.170557168335016,18.25308616520214,18.8228678975158,8.1
17.298121815529598,14.832829698917658,16.31509597315712,17.298121815529598,14.8
22.0606929993387,21.212287107848304,18.661654770924162,22.0606929993387,20.5
22.504096321844568,22.47853010316694,23.406600089630718,22.504096321844568,20.8
33.00782265567463,32.34529724207655,32.24086677440051,33.00782265567463,37.7
43.096055153072584,43.926081537967,45.146483472948475,43.096055153072584,52.8
41.12931029951183,42.12483970426583,39.112778588715415,41.12931029951183,55.3
34.086830392813525,34.717767519775315,32.99811280412901,34.086830392813525,34.9
36.323435431943665,35.70000983559512,37.76283316800004,36.323435431943665,44.0
43.55946688481296,46.014489912137286,47.48412838057587,43.55946688481296,53.3
37.625697663990465,39.49432749378766,40.47308669133881,37.625697663990465,43.6
31.224006990726185,31.305033326783267,33.63884148853186,31.224006990726185,29.1
34.78208986573852,34.31919434279225,32.72083158686676,34.78208986573852,42.0
35.813377322726154,38.11639355959132,37.807342011316585,35.813377322726154,30.2
40.726552345240876,40.29173035541444,42.239532016639586,40.726552345240876,47.5
47.744567741496795,50.78513635087065,52.18235468482558,47.744567741496795,56.4
40.75417161934874,42.89993845162953,44.14605604202297,40.75417161934874,35.8
37.71941254690252,37.47568905248627,39.54666537312337,37.71941254690252,50.8
41.83143650307191,45.280102003035516,45.241778088110955,41.83143650307191,37.8
39.19469808251438,38.67871331465576,41.97039808842894,39.19469808251438,44.2
39.90706049948602,40.41495292925028,42.67120171491596,39.90706049948602,42.1
44.435752771466454,43.96356578885652,47.669604947517456,44.435752771466454,48.1
43.042440931055324,43.76577158086402,46.803636499738126,43.042440931055324,44.8
29.45092218715041,29.94796822627213,31.933846209835522,29.45092218715041,22.9
21.242955246157404,19.94710922970753,20.125207572769096,21.242955246157404,31.3
25.137827075650698,26.49099260923358,25.65697949840755,25.137827075650698,23.8
28.398398218996096,27.417583322490508,28.953320823728603,28.398398218996096,32.1
27.609752177537274,28.899626014015574,30.38554549306918,27.609752177537274,30.0
23.526118683912088,22.719464749677307,24.63773469057327,23.526118683912088,22.0
23.831300112770194,22.88994365794806,24.732834676087013,23.831300112770194,24.8
24.819018139923358,25.578170853664595,26.306473619015847,24.819018139923358,29.1
23.21082668720734,22.3576131455658,24.21903418286128,23.21082668720734,17.3
22.904031332305678,22.472604783981886,23.170301544770673,22.904031332305678,16.2
30.483457136978025,30.802555441887897,27.615404719871577,30.483457136978025,29.4
30.18069194530926,31.321123867201685,31.986512903070647,30.18069194530926,36.3
23.05656361649111,23.46471588762588,24.544041157086518,23.05656361649111,18.2
25.226419081868254,23.822936247131473,25.077836066253226,25.226419081868254,24.1
33.37727368580609,35.32464019395561,33.433307876701235,33.37727368580609,39.9
30.068240798876545,30.707222599862824,29.867919752388705,30.068240798876545,21.3
23.263723161653868,23.216841657512212,23.812251616263204,23.263723161653868,21.0
26.772795247017843,27.670456087892397,25.992255904613973,26.772795247017843,22.1
19.37236391157098,21.284492464735557,20.554202777277116,19.37236391157098,22.4
12.42040472364805,12.355095490106487,13.069927952388813,12.42040472364805,8.1
10.569483741878585,10.557983001988669,9.633171595794668,10.569483741878585,6.9
18.279962574444774,19.073719547694644,14.046120251852251,18.279962574444774,20.4
19.91743624537281,21.94137975004596,20.30321676067509,19.91743624537281,14.1
20.20373501083612,20.282876025772246,18.939880641766912,20.20373501083612,18.3
21.31040170508225,25.01725220368703,20.937010874470865,21.31040170508225,21.1
20.95681829397602,22.26103927251861,19.697953485561886,20.95681829397602,23.7
16.323502990916424,17.41407597703951,15.918190072312548,16.323502990916424,13.8
11.768192089243843,14.552638693995869,12.58495846952988,11.768192089243843,10.9
15.678288735663786,16.30771910752926,14.198297225761321,15.678288735663786,14.7
16.316191780017455,16.539375159859127,15.685779753913629,16.316191780017455,16.5
14.076408238820399,13.738020573448944,14.41310595036305,14.076408238820399,15.9
12.37537609051109,12.580558580405887,13.078920136185028,12.37537609051109,10.9
14.00208661610648,13.930782716617182,13.696879106263742,14.00208661610648,17.0
14.608370460682886,15.857094636206876,15.613884078044233,14.608370460682886,13.2
17.844128654935517,16.440511423869133,17.863105543238923,17.844128654935517,22.4
18.514688108395887,20.20242409280754,19.9431805511773,18.514688108395887,17.8
14.573744761078228,15.628629224894121,15.223325243514086,14.573744761078228,12.9
13.668091109407476,14.96434122955443,14.010834207122214,13.668091109407476,9.2
11.913740773524747,15.039679273224488,12.175853868858546,11.913740773524747,15.3
10.693430459923295,14.44103072038231,12.954988704805649,10.693430459923295,16.5
11.724480557675758,14.896266591259542,15.026357508861862,11.724480557675758,16.0
19.37512739734561,22.421707353027863,20.983282724640688,19.37512739734561,17.6
28.11169240112064,30.670775922885603,30.29026265411926,28.11169240112064,28.4
30.056050389959218,30.994723759691304,31.447241575279726,30.056050389959218,32.5
18.6244165497969,19.588190039457594,17.608442368998233,18.6244165497969,11.6
8.591401349817826,10.146047943719532,10.509558393809726,8.591401349817826,11.5
9.724493152977477,13.644126463309385,9.145231277308701,9.724493152977477,14.2
10.617442152457752,10.683200963796049,10.277880779181189,10.617442152457752,7.4
10.196012497571349,10.867498960402964,10.359540093532555,10.196012497571349,12.7
9.74147114759924,12.444604887576725,9.913035117912257,9.74147114759924,14.6
10.650352410106501,9.980035835901868,10.363174559354285,10.650352410106501,8.2
15.292183679314544,16.41710265882491,13.690810832203208,15.292183679314544,21.5
24.92409912692372,26.23268704719262,24.075044860378732,24.92409912692372,30.6
20.617510734157285,21.66556762147652,18.92705797910396,20.617510734157285,14.6
14.563248539276914,14.986061557459971,15.186176804326998,14.563248539276914,12.2
18.79677679136664,20.966715384441066,17.138647962736055,18.79677679136664,23.6
22.588725206642685,23.635083034949638,21.797382133628936,22.588725206642685,18.2
20.697309973177568,20.626090478246986,19.415960847698663,20.697309973177568,19.9
15.694988037646581,17.397206008239344,14.982718074112594,15.694988037646581,12.6
14.718849428665697,15.344601964195954,15.042759948528069,14.718849428665697,20.7
19.114880932408234,19.800940223445785,20.335765978229972,19.114880932408234,10.5
13.17557682389891,14.926493696361513,13.037323273259691,13.17557682389891,17.7
16.294139499697977,17.19328412344648,16.115419761406127,16.294139499697977,18.4
22.92968525417519,23.819454758072787,22.44863995922961,22.92968525417519,21.9
36.84515232275788,38.26028948627813,38.168391602094324,36.84515232275788,47.0
42.18952123110962,43.887338596631615,43.23988548849532,42.18952123110962,29.3
39.858437921851575,39.420595573266745,40.98545768064407,39.858437921851575,56.1
42.024643068270436,44.448700428719256,48.10150973225317,42.024643068270436,37.1
42.35764571304588,39.11413768925595,43.380564133818,42.35764571304588,33.9
57.58636813497958,59.098202801106616,60.91202371435922,57.58636813497958,47.9
70.01427752343658,72.05363177379687,77.56262776339284,70.01427752343658,78.4
58.06160888788834,61.17687896233556,55.418600052987294,58.06160888788834,40.7
40.35925254736374,37.58204676427285,39.73016051047054,40.35925254736374,29.6
35.76378040232022,37.15556433770862,34.473243861103185,35.76378040232022,23.0
26.15747363557346,26.008407753550635,23.49952800642605,26.15747363557346,28.4
19.704893661211873,20.5612425061885,20.131104969175464,19.704893661211873,26.6
25.922238169766906,27.40998626779892,27.425840624978495,25.922238169766906,27.4
35.88004893007323,39.09276352214592,37.86549434214081,35.88004893007323,40.2
30.04247402449154,33.10556523450841,32.667148462013266,30.04247402449154,11.3
14.224300397393057,12.284387781809437,13.46764026478905,14.224300397393057,22.8
17.65614342248068,21.15421433733345,16.815363735611793,17.65614342248068,21.2
42.51954812793956,43.06111188921013,43.486682983967604,42.51954812793956,46.7
64.414846457035,69.49592220485138,69.70622433501417,64.414846457035,82.0
57.19193085861666,62.88258401130033,47.71063469588726,57.19193085861666,41.9
39.574780453693506,38.88212687879231,35.79006557175785,39.574780453693506,21.2
37.87716698328737,39.98715855131049,32.6372401075829,37.87716698328737,18.7
28.793326111400127,29.60718814399197,24.108020030357697,28.793326111400127,11.8
13.32441156737759,10.645303108495819,11.109568530367321,13.32441156737759,9.6
5.7255040226707115,2.8156738340720953,3.831917522060842,5.7255040226707115,23.6
5.342223437606749,3.296405338838577,7.7829996406637845,5.342223437606749,18.6
15.355093697821038,12.916708270085019,15.037642820689465,15.355093697821038,23.4
37.75325699189577,37.709543524553645,37.95090097470503,37.75325699189577,29.4
53.92636261612208,56.995013076457006,55.30024166538527,53.92636261612208,39.6
60.935928582116034,64.06842599935717,59.33848680676042,60.935928582116034,61.0
45.511456731654306,47.77726535323736,40.64308086690448,45.511456731654306,25.8
21.656189413084075,18.60270473005985,23.0801914811085,21.656189413084075,29.5
22.903241792734345,21.92329848683257,16.95018156950141,22.903241792734345,25.0
39.91456735003783,38.13705427274535,39.47081580024036,39.91456735003783,41.1
58.59586644178438,60.826069451238844,62.68826793808782,58.59586644178438,67.4
55.16794019261589,57.4451645800249,49.21923578959786,55.16794019261589,39.5
37.195618621720755,37.108355603009294,36.54338548881011,37.195618621720755,34.4
32.86000328210653,35.54989001301592,34.27331934236231,32.86000328210653,41.5
21.427291193619695,22.773482144268108,23.709167954682393,21.427291193619695,15.1
17.42366682961617,16.76249018818762,17.84989767315586,17.42366682961617,9.3
31.608252442041156,32.4810094637618,25.490425969037133,31.608252442041156,18.2
36.73504751095402,39.02207158344563,34.490802260175,36.73504751095402,25.2
35.14690152950551,35.6350589736111,35.81843413527574,35.14690152950551,39.3
27.08320253381652,29.085964287553814,30.032570631171104,27.08320253381652,17.5
25.080019078492636,24.287715960560398,25.645876730073418,25.080019078492636,22.6
32.341252133029364,35.631007257778855,30.418729291724464,32.341252133029364,37.3
31.335899343549336,35.15123696285436,36.273848900630654,31.335899343549336,35.7
36.60151376954947,35.19036921749548,38.59558339168143,36.60151376954947,36.5
45.5051186712663,46.72238223641707,47.215932397163954,45.5051186712663,48.0
51.928123592394954,53.980769349715864,54.77772065460992,51.928123592394954,58.1
48.641787256153904,51.188817490093605,50.514961688943345,48.641787256153904,50.2
46.1406890500694,48.10989621668741,48.23423698180346,46.1406890500694,49.5
49.58708756222096,51.42928345150849,51.124944444436096,49.58708756222096,49.3366666666667
50.923303816847735,50.46921459810337,51.149996804710455,50.923303816847735,49.1733333333333
49.1290213754355,47.32844972525063,50.37022054772105,49.1290213754355,49.01
46.643348358965284,45.86787184372397,48.61910153061886,46.643348358965284,48.8466666666667
44.89609536855161,44.89461715159032,47.382490096878584,44.89609536855161,48.6833333333333
44.35080947704009,44.31816448760164,47.3712516608216,44.35080947704009,48.52
42.870624513249794,44.134206984884166,47.18773817439195,42.870624513249794,48.3566666666667
41.23816157833055,44.1036161330343,46.562424083846224,41.23816157833055,48.1933333333333
42.84490211530252,43.895443063878155,47.703827125324835,42.84490211530252,48.03
42.50090746158571,43.89352986928579,47.44423264256389,42.50090746158571,47.8666666666667
40.72879651324118,44.04716484326163,46.65807377757106,40.72879651324118,47.7033333333333
41.633279997394425,43.93096632873257,46.52192568028791,41.633279997394425,47.54
41.327890446823545,43.88452234685192,46.143547165512096,41.327890446823545,47.3766666666667
41.13886336441746,43.82694743469883,45.67511503178336,41.13886336441746,47.2133333333333
42.311428783206,43.63790311114408,45.947400034554875,42.311428783206,47.05
41.303902420754795,43.69654432233292,45.43042308356583,41.303902420754795,46.8866666666667
42.073407375021915,43.60691172572151,45.62425281939991,42.073407375021915,46.7233333333333
42.24298222562902,43.619260253008086,45.473288311188924,42.24298222562902,46.56
41.499106413902325,43.76439805973623,45.556859439777995,41.499106413902325,46.3966666666667
40.515540220154435,44.01368581352326,44.705774674456116,40.515540220154435,46.2333333333333
41.09835521328384,44.05705863960966,44.90987207796132,41.09835521328384,46.07
38.676899525349896,44.51328320391476,44.30945294956273,38.676899525349896,45.9066666666667
40.54571085010721,44.494304327819826,45.09951063020288,40.54571085010721,45.7433333333333
41.86328652322993,44.52094947032892,45.706003872197535,41.86328652322993,45.58
42.82430059730606,44.53830735272904,46.633957817069316,42.82430059730606,45.4166666666667
42.24547531106373,44.77911074971498,46.86365908990567,42.24547531106373,45.2533333333333
42.549116666985654,44.962109477747525,47.111585867405346,42.549116666985654,45.09
43.14031153226192,45.02829101478883,47.24134281244346,43.14031153226192,44.9266666666667
44.36241603357122,45.09706526961772,47.41603732043275,44.36241603357122,44.7633333333333
44.39664339167739,45.263414751636354,47.281654873195194,44.39664339167739,44.6
44.57894644347077,45.493607191108275,47.30548554235422,44.57894644347077,44.4366666666667
43.647800383161055,45.85075406137948,47.067625825676416,43.647800383161055,44.2733333333333
43.15879522650317,44.840425924158716,45.054533414129516,43.15879522650317,44.11
45.49792842509902,44.70881490479669,46.326398756307775,45.49792842509902,43.9466666666667
45.01658651740284,44.857006569511576,46.72329006603498,45.01658651740284,43.7833333333333
45.90656361304032,44.84453874251212,47.527575128629344,45.90656361304032,43.62
46.177399278282735,44.86107158440418,47.5160765372316,46.177399278282735,43.4566666666667
45.682537597360025,44.96607666256923,47.297379191157574,45.682537597360025,43.2933333333333
45.58309037521401,44.903115867439645,46.85394452935913,45.58309037521401,43.13
44.51130357344556,44.94501584722129,46.2035687213871,44.51130357344556,42.9666666666667
43.20710457159251,45.003045547806686,45.75975241805966,43.20710457159251,42.8033333333333
46.41141931262847,44.48266115013703,46.865961925226294,46.41141931262847,42.64
45.67032717842362,44.37402966565505,45.853716762285885,45.67032717842362,42.4766666666667
44.412778310223146,44.404731303439256,45.47355405413843,44.412778310223146,42.3133333333333
44.39932640027507,44.19841140909548,45.06072539872986,44.39932640027507,42.15
45.84874522415839,43.81031410818368,44.76604236312588,45.84874522415839,41.9866666666667
43.98408750750092,43.799878723691926,43.799270993187235,43.98408750750092,41.8233333333333
45.08230199736383,43.49615109280685,44.699299806888206,45.08230199736383,41.66
45.682810629219844,43.2002626225998,44.913071140846625,45.682810629219844,41.4966666666667
44.87075092018971,43.05384984361935,44.293922154712696,44.87075092018971,41.3333333333333
45.42805883736321,42.83958232118757,44.17317290450335,45.42805883736321,41.17
45.36430853095099,42.80122941381605,43.82145991705961,45.36430853095099,41.0066666666667
45.52071107002399,43.03934313443269,43.74832719203431,45.52071107002399,40.8433333333333
45.76961996219818,43.482695654049984,44.14808692034577,45.76961996219818,40.68
45.95837521467445,44.09723791367187,44.24045383743059,45.95837521467445,40.5166666666667
45.280266503281325,44.62222439488905,44.442844212823815,45.280266503281325,40.3533333333333
44.604601252467916,44.48403511121514,44.37913407140432,44.604601252467916,40.19
43.87200749553172,43.41054514150837,43.639853186500204,43.87200749553172,40.0266666666667
40.86309134745471,40.76511169004416,41.024863493055776,40.86309134745471,39.8633333333333
35.931280143591565,35.76588721414273,36.39456385748275,35.931280143591565,39.7
27.64206361843796,28.422502186816835,29.291580943992557,27.64206361843796,26.1
23.46624613629626,22.62034496077913,24.998358554187668,23.46624613629626,21.5
23.362351117251063,23.56069908938857,22.877785501482766,23.362351117251063,21.9
20.533015655481417,19.306763330304328,21.02516414988033,20.533015655481417,16.3
19.07456587687936,17.278138710397023,19.201361132654995,19.07456587687936,18.5
23.826606221495638,23.002233227419445,23.174552428874385,23.826606221495638,26.5
30.35096340976896,29.14559163715844,29.638092260338034,30.35096340976896,28.0
33.73392258241212,32.789919371188624,33.49609981960096,33.73392258241212,35.4
30.68011650768615,29.873912353424338,30.251665121321054,30.68011650768615,24.7
31.170611039574048,28.11756166021396,30.980356075258026,31.170611039574048,40.6
34.45853946241961,34.03740824753336,32.98038851386804,34.45853946241961,33.2
23.964829383218596,21.76094329987213,25.271301566848173,23.964829383218596,18.7
19.448870490911837,17.864887659975828,19.569200997660904,19.448870490911837,22.9
21.310332734106858,20.7237343056046,20.705981579774214,21.310332734106858,22.1
28.40509885121105,26.977626043453164,28.0729231714203,28.40509885121105,34.0
35.248048382475815,36.29584839132726,35.397811677614925,35.248048382475815,33.9
34.91585060309582,34.46192862686089,35.04881990264056,34.91585060309582,33.1
29.55014263785536,29.6822887267439,30.81109400021345,29.55014263785536,30.7
22.66810333080354,22.171265143680692,24.6703242975473,22.66810333080354,19.2
20.92157669688276,20.013439314389323,21.530912256861576,20.92157669688276,25.6
22.144316194143016,22.096600180280255,22.554004903346776,22.144316194143016,17.9
16.990023198935667,17.001977213662848,18.488949022462428,16.990023198935667,14.0
20.360816101985993,19.359721897303324,18.800312297451228,20.360816101985993,20.9
21.431752204289598,22.350269491722337,22.074644895924106,21.431752204289598,19.7
19.59763331113663,20.401617416103498,20.480387027297237,19.59763331113663,19.8
19.726497581874966,19.296683382063428,19.658542753657425,19.726497581874966,18.2
20.046575846577745,19.162192971840476,19.49144042303345,20.046575846577745,20.3
18.61997254192927,17.79513881388143,18.37380893382613,18.61997254192927,13.9
15.271036697323856,15.284790852080187,15.845063706780433,15.271036697323856,15.5
15.354052294084234,18.183902454321604,16.093407554551057,15.354052294084234,20.6
15.726330705049705,18.0293212854639,16.91397471407729,15.726330705049705,22.1
17.41705475156659,16.45994948074658,17.351314141441154,17.41705475156659,24.2
17.899658160232327,16.504062397123697,17.25249003060238,17.899658160232327,17.1
20.433382796134715,18.29506887511402,20.181831284018774,20.433382796134715,27.2
23.5092779720329,22.1926711844093,21.77098252503183,23.5092779720329,17.4
17.66195902492108,15.983652180840545,18.990314209350036,17.66195902492108,19.5
15.159460562018262,14.492873542795587,15.088563359945603,15.159460562018262,14.3
12.869810839963803,11.772361803564445,13.16342725272561,12.869810839963803,10.5
13.22902491292333,14.765066026045725,14.153936989783357,13.22902491292333,16.8
15.00749964272911,16.796762369994575,16.18278712139404,15.00749964272911,12.6
17.45300345209097,18.506716236238297,18.941540367054472,17.45300345209097,23.5
22.584882459037566,22.591116948958323,22.008623032745074,22.584882459037566,16.4
21.085779638889026,19.222915595279936,21.405785490711978,21.085779638889026,15.9
23.291841974186614,22.95986392849195,22.200840125619504,23.291841974186614,17.3
25.58973240302373,25.819771164879647,25.020835425328144,25.58973240302373,24.3
28.053032108164047,28.240056728541184,29.07183565103144,28.053032108164047,25.9
31.378087992736873,30.605868496635047,32.060848349937054,31.378087992736873,33.7
36.77193502258805,36.177128328719526,37.356338297626834,36.77193502258805,37.4
41.34648004873273,40.59875346091339,41.642090036232055,41.34648004873273,42.9
38.562453766567316,38.23872015361635,39.655659766878586,38.562453766567316,32.5
31.171464376945988,29.41155223698879,32.55528917202362,31.171464376945988,33.7
29.695984048421174,29.64792482658654,30.218705730258996,29.695984048421174,32.0
26.622649998252825,26.74349439984089,27.8959824093072,26.622649998252825,25.2
23.93733587026907,23.09881571355995,25.024041016881423,23.93733587026907,24.0
19.708494745175457,20.02793577059301,20.78245029800395,19.708494745175457,18.0
23.27553781409677,22.660962510645184,23.192295167146366,23.27553781409677,30.2
24.452107850075993,26.447905036099336,25.123868300629656,24.452107850075993,15.0
21.899087151710923,21.432245808762353,23.192062251136427,21.899087151710923,22.2
24.067296103713147,25.19076753190702,23.421170687235396,24.067296103713147,30.9
19.235181586819337,18.07837160132035,20.734442717639823,19.235181586819337,19.6
17.6889099945747,14.564763664413613,18.063432736086668,17.6889099945747,15.7
22.657831024488246,23.081645636579786,21.5232230047404,22.657831024488246,14.9
27.74584039799201,28.432531831367804,25.005298744378337,27.74584039799201,12.7
30.707546847330843,31.120867317018472,26.702261987744514,30.707546847330843,22.4
29.497857859428343,29.34525171203645,28.469514789061158,29.497857859428343,31.5
21.9154920123091,20.65977214715499,22.10382522251785,21.9154920123091,30.3
13.891008909104409,13.029469609089938,15.90740307449932,13.891008909104409,13.9
18.049270795669102,15.724248038850329,17.47012326432251,18.049270795669102,17.1
26.45752431804852,25.46926818655188,24.296259734067018,26.45752431804852,24.9
25.922821384997818,24.93282922368271,25.1763983991505,25.922821384997818,28.4
24.118180923335824,22.27281829618405,23.85192596246456,24.118180923335824,28.4
24.983315834849854,24.27933331891054,25.479777558653865,24.983315834849854,26.2
29.607137144461376,28.62958706609188,29.52381299822281,29.607137144461376,26.1
31.00888068194266,31.23878234965914,31.310233167714046,31.00888068194266,31.7
28.029351149451426,27.341215997808284,28.440637170930877,28.029351149451426,21.1
24.780677319822573,23.114791050297207,25.688442150686093,24.780677319822573,31.0
27.307593961942505,28.283492092901632,28.435798355570846,27.307593961942505,24.9
29.577190033596782,29.58162055823245,30.34424938954773,29.577190033596782,28.0
31.849338961037258,33.07538301576246,32.434732839266324,31.849338961037258,33.3
25.28806486565026,25.19946849087537,25.71184398104883,25.28806486565026,15.4
17.0375868257932,15.551122467378173,18.322868997960285,17.0375868257932,22.3
18.773259734134886,18.661793181666916,18.77645369166763,18.773259734134886,21.1
19.769199856815252,18.226582903364168,21.46145684263327,19.769199856815252,22.7
23.604846621903715,22.631625240804077,23.971329098072573,23.604846621903715,20.8
30.744059910465023,29.712515853717285,30.062242965734693,30.744059910465023,36.6
33.524096170559645,34.13714683992989,32.25246266156755,33.524096170559645,38.7
25.170616358281826,25.245654215873536,25.736908798173594,25.170616358281826,32.4
16.066960593780372,16.760402979382796,18.56670766598151,16.066960593780372,21.4
14.303962566626552,12.357452105242055,15.125760765365495,14.303962566626552,11.7
16.335791586918855,15.42972559857517,16.087602025279967,16.335791586918855,22.0
20.92682726218839,22.156678917078487,20.964149697241968,20.92682726218839,19.6
23.308648603977815,24.047220886222384,22.928464522611357,23.308648603977815,26.3
23.334093856821962,24.863393443796802,22.106797909651917,23.334093856821962,25.3
16.59692192125197,17.29777411945033,16.7665260001586,16.59692192125197,20.2
13.397153364253494,13.045260482321192,13.974400102539288,13.397153364253494,10.3
14.339446229921341,12.762377053359524,13.861829208188606,14.339446229921341,10.0
18.850254541719885,16.939170767077734,16.416074761525255,18.850254541719885,19.4
17.519477223281122,16.1778074579669,16.92472902996644,17.519477223281122,16.8
15.629082260568605,13.532847229498794,15.754942458775655,15.629082260568605,12.6
20.340099981270733,19.247672932810836,19.548264703727657,20.340099981270733,24.7
22.806308006911557,22.284551692459807,21.90836308022242,22.806308006911557,14.4
15.737506246043504,13.996243805502582,16.143017277209196,15.737506246043504,13.7
12.451785269231525,10.644073743854415,12.694860685125914,12.451785269231525,8.0
11.413345451449093,9.095227580821893,11.912057020775174,11.413345451449093,8.2
14.609636210843934,15.059861491681568,15.002232858687728,14.609636210843934,14.5
20.212906663762364,20.428740426087096,20.176236960744077,20.212906663762364,21.0
23.4935037894382,22.548360520800905,23.49160339916722,23.4935037894382,19.9
23.987265952738785,24.913488488840265,25.238853103645695,23.987265952738785,30.5
27.21472121636339,28.205458542322184,28.215784988648394,27.21472121636339,28.9
26.653913412393663,28.940509599155483,28.799280436641318,26.653913412393663,27.5
32.62324953788369,34.46838566643523,35.23138109882227,32.62324953788369,38.8
31.729282507124964,33.45721271357629,33.8442773867782,31.729282507124964,34.9
23.359750760750433,22.611138314205526,25.270175917466744,23.359750760750433,18.8
21.249237433301026,21.813027315625185,20.620606967999546,21.249237433301026,27.0
33.992974865229876,33.828415585208084,31.878546879553333,33.992974865229876,33.2
44.74587187229341,44.000792086214595,47.52839026275569,44.74587187229341,49.3
49.57584410684291,50.81802324072569,52.88959731769459,49.57584410684291,59.9
47.269623989849535,47.79632793358805,46.739674711980754,47.269623989849535,46.2
46.007051048048126,46.40838865209334,47.54265690461143,46.007051048048126,44.6
48.52174341170726,52.233904601879566,52.02391981267782,48.52174341170726,58.1
40.8829504149283,42.29245561062125,43.048731306952256,40.8829504149283,38.6
27.290111941777184,26.818216897574892,29.43754471393077,27.290111941777184,20.8
31.50572658657891,31.779044463173157,27.227051742258023,31.50572658657891,18.8
40.53620982385502,40.84916132894309,34.27676413818574,40.53620982385502,29.7
42.922138804633576,42.48673722794356,42.51009564855278,42.922138804633576,44.7
35.09138733347227,34.79290722207215,36.1745723995786,35.09138733347227,46.6
26.904119893919933,26.064540039836537,26.480940553154255,26.904119893919933,23.6
28.997355360855078,27.274679867975372,28.437791403146782,28.997355360855078,43.5
30.44648642256664,32.23176793714892,33.799937017653484,30.44648642256664,41.0
22.58344824008436,20.31834245881773,22.397758272603433,22.58344824008436,18.4
27.59892374408955,25.84636627087948,26.067870724617634,27.59892374408955,15.5
41.67196391445313,42.72241471817497,38.30670416070585,41.67196391445313,18.5
47.91667810726774,48.12938954224855,45.61755963897585,47.91667810726774,36.3
44.00246080718699,44.1597612328168,45.90294463704291,44.00246080718699,56.1
30.169876148545278,28.96451876450046,30.37884248329829,30.169876148545278,58.0
15.755085767590211,13.869109593298527,15.136911660972952,15.755085767590211,19.6
19.947048756745836,17.73045537902808,20.375260965553114,19.947048756745836,9.3
41.13247579937061,42.035531618511776,33.171391107728915,41.13247579937061,18.7
50.214745858397336,50.17819989204272,46.27838225635277,50.214745858397336,39.7
41.70917384914969,41.71701986006078,42.89021444432605,41.70917384914969,47.5
26.05261523752551,26.05537679620047,25.288017010203376,26.05261523752551,47.8
14.590213481341376,15.542888432310884,14.98710507352088,14.590213481341376,28.5
9.603117559777054,10.578521511511918,11.635641841728152,9.603117559777054,8.5
16.448740419547992,15.839898217909104,12.581928669874369,16.448740419547992,11.9
18.20279186500134,19.13044610009765,14.284078443324974,18.20279186500134,15.4
14.945580874445735,14.436177877969294,15.347057617574087,14.945580874445735,15.4
19.963788880411748,18.57349164790653,18.274389977930017,19.963788880411748,15.6
30.05441985577285,31.37766435860012,27.551235085847928,30.05441985577285,29.0
39.634219780003406,41.47861872314447,42.09872192009108,39.634219780003406,44.7
40.188440898075655,42.019002082068845,43.52816018765636,40.188440898075655,38.2
43.61736974013708,44.00522585061608,45.59433709245572,43.61736974013708,51.0
50.546800029653284,53.6784524087765,54.079367421412925,50.546800029653284,61.7
45.95248205748902,48.00441937955602,43.73967006859276,45.95248205748902,46.1
37.62754063954918,38.64166371661613,38.129963938467064,37.62754063954918,47.8
32.75321141630494,34.9539535903531,34.5595564795978,32.75321141630494,30.7
22.11846916869144,22.628858296954512,23.05589149720664,22.11846916869144,24.3
17.694011226841937,17.07279215338567,16.11937302148121,17.694011226841937,16.2
17.385360778219468,16.634917818180746,15.790631353941201,17.385360778219468,19.0
17.806534225393662,17.32310474431565,16.85832595164443,17.806534225393662,11.2
17.535289997469185,16.48789650827043,16.97700825976434,17.535289997469185,13.8
23.634618133977302,22.766636125214653,22.590655777902953,23.634618133977302,24.9
19.66343722838269,20.986891524171504,21.32986664054404,19.66343722838269,11.6
14.783287651363105,13.273162620065614,14.139271951757305,14.783287651363105,18.9
13.962940385195745,14.655542846363824,14.305779716190848,13.962940385195745,19.2
12.050776366331464,11.412925109914704,13.162620242918669,12.050776366331464,12.7
17.472449514165092,17.223632262613044,17.313021993874784,17.472449514165092,23.6
19.382723539757198,19.69556368088606,20.177229933141987,19.382723539757198,20.7
13.09661716132402,12.018948665035532,14.253629579549763,13.09661716132402,12.2
18.172506662422794,18.183644315238006,17.479452518918023,18.172506662422794,31.3
31.441713061469795,32.662157680572726,33.537276125738764,31.441713061469795,27.0
31.789762475875545,31.203930486013995,32.08085946869811,31.789762475875545,33.4
27.180529153582686,28.599285741952052,30.154317071468796,27.180529153582686,31.9
25.022104204909013,25.013860317180978,27.242689951659024,25.022104204909013,29.0
29.83790852449383,30.277224162543597,30.96574432010214,29.83790852449383,25.8
39.17879683205312,40.87252129375329,40.593596345941485,39.17879683205312,41.0
46.79579032923222,49.18929483876982,53.276770482503885,46.79579032923222,54.0
43.081180369802084,45.284439363580894,45.085668413817714,43.081180369802084,63.1
34.245145037063686,36.61590998460715,34.451865599289434,34.245145037063686,60.5
22.527788465776105,25.132976215974303,24.151071497374588,22.527788465776105,36.2
18.343797562360976,19.21944535416278,21.486551465872992,18.343797562360976,13.9
25.897202711303212,25.920189461586595,20.3427014970608,25.897202711303212,8.2
32.39628837520473,34.73888296342229,24.92815973317218,32.39628837520473,9.0
36.22112035625517,40.05179558170121,31.68491795215947,36.22112035625517,21.2
37.783986986271614,41.254322451602,38.07427211666911,37.783986986271614,36.7
30.71724987882934,32.90613857134499,30.595818185712332,30.71724987882934,22.0
22.482583313212803,22.884595599165685,22.734828129617306,22.482583313212803,26.5
18.66798748506803,19.70836463325727,21.10448661647435,18.66798748506803,18.4
15.258896030611973,12.983964320422183,15.097983535036903,15.258896030611973,11.3
17.695658123968858,16.538501444986785,16.396592935036033,17.695658123968858,14.2
24.009505818124875,23.117666965754914,21.60882981659835,24.009505818124875,24.5
26.708423499802645,24.907245481176822,26.268374228838695,26.708423499802645,32.6
25.750763311095586,23.057927208613272,25.635810480331873,25.750763311095586,21.8
28.011044342506707,25.997509040024987,25.886829551676172,28.011044342506707,23.1
36.65080940546089,35.68915959193978,34.18024584633537,36.65080940546089,25.2
37.665389290531024,36.83643606145679,37.330436457746714,37.665389290531024,39.4
28.937931745831612,28.190280872908396,29.08680451943472,28.937931745831612,19.8
17.103575886883736,13.81956122310262,15.867770547753683,17.103575886883736,10.9
18.155971763222453,16.485798337617005,15.933267253685052,18.155971763222453,9.4
20.79868630262768,20.038651430299886,20.534210146754553,20.79868630262768,18.3
21.287998919407762,21.664098798721533,23.1704541374011,21.287998919407762,14.7
22.315290108437217,21.414730600628126,22.154421260154162,22.315290108437217,22.4
22.297329545709808,22.761567970860277,22.92557269948788,22.297329545709808,24.5
21.717530990326328,21.854411834151414,22.171419142403273,21.717530990326328,15.2
32.49257915334943,31.440342508681987,29.20657557758073,32.49257915334943,22.1
48.32815950489949,50.149177963202554,46.29126471461716,48.32815950489949,28.4
61.49602901794573,63.22385648149193,64.36351115957528,61.49602901794573,36.1
74.34011141671891,75.97789614059994,80.02267413817121,74.34011141671891,88.1
70.37525117046538,75.45092594958706,74.67742476936967,70.37525117046538,79.6
54.84115337713328,54.19566896976166,51.60906377925424,54.84115337713328,69.2
57.855945653737166,59.99785540956454,65.84279637274655,57.855945653737166,45.1
70.6790523096062,71.09276653838916,74.41179353620412,70.6790523096062,63.6
74.58220930560783,78.34753132585311,83.9907185906912,74.58220930560783,89.0
57.37214679260879,59.466283412271785,65.38172984579178,57.37214679260879,49.9
52.92433282711795,50.84141840735119,55.17581731522506,52.92433282711795,46.2
69.00995578727047,74.15776735368664,72.18801655250279,69.00995578727047,54.6
70.89288761575594,75.10997778984793,78.65757540770724,70.89288761575594,66.8
51.9849602708815,56.339242857344196,56.301045919778616,51.9849602708815,57.0
25.706079177262918,26.218055222307065,24.175087693122173,25.706079177262918,17.1
10.164099660750505,10.93289016847566,11.439772805243006,10.164099660750505,20.5
13.215269994601636,17.772345902159394,15.238945880302289,13.215269994601636,19.6
21.344735126193974,25.203801845260294,18.37642309847254,21.344735126193974,25.1
